0.00025,1.11E+00
0.0005,1.05E+00
0.00075,9.20E-01
0.001,7.28E-01
0.00125,5.07E-01
0.0015,2.82E-01
0.00175,7.97E-02
0.002,-8.47E-02
0.00225,-2.06E-01
0.0025,-2.83E-01
0.00275,-3.18E-01
0.003,-3.16E-01
0.00325,-2.89E-01
0.0035,-2.47E-01
0.00375,-2.00E-01
0.004,-1.54E-01
0.00425,-1.15E-01
0.0045,-8.53E-02
0.00475,-6.49E-02
0.005,-5.24E-02
0.00525,-4.41E-02
0.0055,-3.81E-02
0.00575,-3.37E-02
0.006,-3.01E-02
0.00625,-2.67E-02
0.0065,-2.31E-02
0.00675,-1.90E-02
0.007,-1.42E-02
0.00725,-8.82E-03
0.0075,-2.93E-03
0.00775,3.61E-03
0.008,1.09E-02
0.00825,1.89E-02
0.0085,2.78E-02
0.00875,3.75E-02
0.009,4.81E-02
0.00925,5.96E-02
0.0095,7.20E-02
0.00975,8.53E-02
0.01,9.94E-02
0.01025,1.14E-01
0.0105,1.30E-01
0.01075,1.47E-01
0.011,1.65E-01
0.01125,1.83E-01
0.0115,2.02E-01
0.01175,2.21E-01
0.012,2.40E-01
0.01225,2.59E-01
0.0125,2.77E-01
0.01275,2.95E-01
0.013,3.13E-01
0.01325,3.29E-01
0.0135,3.45E-01
0.01375,3.60E-01
0.014,3.73E-01
0.01425,3.85E-01
0.0145,3.95E-01
0.01475,4.04E-01
0.015,4.11E-01
0.01525,4.16E-01
0.0155,4.20E-01
0.01575,4.21E-01
0.016,4.20E-01
0.01625,4.16E-01
0.0165,4.10E-01
0.01675,4.02E-01
0.017,3.93E-01
0.01725,3.81E-01
0.0175,3.68E-01
0.01775,3.53E-01
0.018,3.38E-01
0.01825,3.21E-01
0.0185,3.04E-01
0.01875,2.86E-01
0.019,2.67E-01
0.01925,2.48E-01
0.0195,2.29E-01
0.01975,2.11E-01
0.02,1.92E-01
0.02025,1.73E-01
0.0205,1.55E-01
0.02075,1.38E-01
0.021,1.21E-01
0.02125,1.04E-01
0.0215,8.89E-02
0.02175,7.44E-02
0.022,6.08E-02
0.02225,4.82E-02
0.0225,3.67E-02
0.02275,2.63E-02
0.023,1.69E-02
0.02325,8.45E-03
0.0235,8.62E-04
0.02375,-5.90E-03
0.024,-1.19E-02
0.02425,-1.71E-02
0.0245,-2.17E-02
0.02475,-2.57E-02
0.025,-2.91E-02
0.02525,-3.20E-02
0.0255,-3.44E-02
0.02575,-3.63E-02
0.026,-3.78E-02
0.02625,-3.90E-02
0.0265,-3.98E-02
0.02675,-4.04E-02
0.027,-4.07E-02
0.02725,-4.08E-02
0.0275,-4.07E-02
0.02775,-4.04E-02
0.028,-4.00E-02
0.02825,-3.95E-02
0.0285,-3.89E-02
0.02875,-3.83E-02
0.029,-3.76E-02
0.02925,-3.68E-02
0.0295,-3.60E-02
0.02975,-3.52E-02
0.03,-3.43E-02
0.03025,-3.34E-02
0.0305,-3.25E-02
0.03075,-3.15E-02
0.031,-3.06E-02
0.03125,-2.96E-02
0.0315,-2.86E-02
0.03175,-2.77E-02
0.032,-2.67E-02
0.03225,-2.57E-02
0.0325,-2.48E-02
0.03275,-2.38E-02
0.033,-2.28E-02
0.03325,-2.18E-02
0.0335,-2.09E-02
0.03375,-1.99E-02
0.034,-1.89E-02
0.03425,-1.79E-02
0.0345,-1.68E-02
0.03475,-1.58E-02
0.035,-1.47E-02
0.03525,-1.36E-02
0.0355,-1.25E-02
0.03575,-1.13E-02
0.036,-9.91E-03
0.03625,-8.29E-03
0.0365,-6.36E-03
0.03675,-4.04E-03
0.037,-1.25E-03
0.03725,2.09E-03
0.0375,6.08E-03
0.03775,1.08E-02
0.038,1.64E-02
0.03825,2.28E-02
0.0385,3.04E-02
0.03875,3.90E-02
0.039,4.89E-02
0.03925,6.02E-02
0.0395,7.30E-02
0.03975,8.75E-02
0.04,1.04E-01
0.04025,1.22E-01
0.0405,1.41E-01
0.04075,1.61E-01
0.041,1.80E-01
0.04125,1.99E-01
0.0415,2.17E-01
0.04175,2.34E-01
0.042,2.49E-01
0.04225,2.62E-01
0.0425,2.72E-01
0.04275,2.80E-01
0.043,2.86E-01
0.04325,2.88E-01
0.0435,2.88E-01
0.04375,2.84E-01
0.044,2.78E-01
0.04425,2.68E-01
0.0445,2.55E-01
0.04475,2.39E-01
0.045,2.22E-01
0.04525,2.04E-01
0.0455,1.85E-01
0.04575,1.66E-01
0.046,1.48E-01
0.04625,1.29E-01
0.0465,1.12E-01
0.04675,9.62E-02
0.047,8.15E-02
0.04725,6.82E-02
0.0475,5.65E-02
0.04775,4.64E-02
0.048,3.77E-02
0.04825,3.08E-02
0.0485,2.54E-02
0.04875,2.06E-02
0.049,1.56E-02
0.04925,9.70E-03
0.0495,2.13E-03
0.04975,-7.85E-03
0.05,-2.10E-02
0.05025,-3.80E-02
0.0505,-5.95E-02
0.05075,-8.63E-02
0.051,-1.20E-01
0.05125,-1.50E-01
0.0515,-1.66E-01
0.05175,-1.58E-01
0.052,-1.19E-01
0.05225,-4.52E-02
0.0525,6.52E-02
0.05275,2.11E-01
0.053,3.89E-01
0.05325,5.93E-01
0.0535,8.07E-01
0.05375,9.94E-01
0.054,1.12E+00
0.05425,1.17E+00
0.0545,1.13E+00
0.05475,1.00E+00
0.055,8.17E-01
0.05525,5.96E-01
0.0555,3.72E-01
0.05575,1.68E-01
0.056,-1.05E-03
0.05625,-1.26E-01
0.0565,-2.04E-01
0.05675,-2.36E-01
0.057,-2.35E-01
0.05725,-2.11E-01
0.0575,-1.74E-01
0.05775,-1.30E-01
0.058,-8.66E-02
0.05825,-4.77E-02
0.0585,-1.64E-02
0.05875,5.54E-03
0.059,1.98E-02
0.05925,2.91E-02
0.0595,3.51E-02
0.05975,3.91E-02
0.06,4.22E-02
0.06025,4.52E-02
0.0605,4.86E-02
0.06075,5.26E-02
0.061,5.71E-02
0.06125,6.20E-02
0.0615,6.73E-02
0.06175,7.33E-02
0.062,8.00E-02
0.06225,8.75E-02
0.0625,9.58E-02
0.06275,1.05E-01
0.063,1.15E-01
0.06325,1.26E-01
0.0635,1.37E-01
0.06375,1.50E-01
0.064,1.64E-01
0.06425,1.78E-01
0.0645,1.94E-01
0.06475,2.10E-01
0.065,2.27E-01
0.06525,2.44E-01
0.0655,2.62E-01
0.06575,2.81E-01
0.066,2.99E-01
0.06625,3.18E-01
0.0665,3.36E-01
0.06675,3.54E-01
0.067,3.71E-01
0.06725,3.88E-01
0.0675,4.04E-01
0.06775,4.20E-01
0.068,4.33E-01
0.06825,4.46E-01
0.0685,4.57E-01
0.06875,4.66E-01
0.069,4.74E-01
0.06925,4.79E-01
0.0695,4.82E-01
0.06975,4.83E-01
0.07,4.82E-01
0.07025,4.79E-01
0.0705,4.74E-01
0.07075,4.67E-01
0.071,4.58E-01
0.07125,4.47E-01
0.0715,4.35E-01
0.07175,4.21E-01
0.072,4.06E-01
0.07225,3.89E-01
0.0725,3.72E-01
0.07275,3.54E-01
0.073,3.35E-01
0.07325,3.15E-01
0.0735,2.96E-01
0.07375,2.76E-01
0.074,2.57E-01
0.07425,2.39E-01
0.0745,2.20E-01
0.07475,2.03E-01
0.075,1.86E-01
0.07525,1.70E-01
0.0755,1.54E-01
0.07575,1.40E-01
0.076,1.27E-01
0.07625,1.14E-01
0.0765,1.03E-01
0.07675,9.21E-02
0.077,8.27E-02
0.07725,7.41E-02
0.0775,6.66E-02
0.07775,5.99E-02
0.078,5.40E-02
0.07825,4.89E-02
0.0785,4.45E-02
0.07875,4.06E-02
0.079,3.74E-02
0.07925,3.46E-02
0.0795,3.23E-02
0.07975,3.04E-02
0.08,2.89E-02
0.08025,2.77E-02
0.0805,2.68E-02
0.08075,2.61E-02
0.081,2.56E-02
0.08125,2.53E-02
0.0815,2.51E-02
0.08175,2.51E-02
0.082,2.51E-02
0.08225,2.51E-02
0.0825,2.53E-02
0.08275,2.54E-02
0.083,2.55E-02
0.08325,2.57E-02
0.0835,2.58E-02
0.08375,2.60E-02
0.084,2.61E-02
0.08425,2.62E-02
0.0845,2.62E-02
0.08475,2.63E-02
0.085,2.63E-02
0.08525,2.62E-02
0.0855,2.61E-02
0.08575,2.60E-02
0.086,2.59E-02
0.08625,2.58E-02
0.0865,2.56E-02
0.08675,2.55E-02
0.087,2.54E-02
0.08725,2.52E-02
0.0875,2.51E-02
0.08775,2.51E-02
0.088,2.51E-02
0.08825,2.52E-02
0.0885,2.53E-02
0.08875,2.56E-02
0.089,2.59E-02
0.08925,2.65E-02
0.0895,2.71E-02
0.08975,2.80E-02
0.09,2.90E-02
0.09025,3.02E-02
0.0905,3.19E-02
0.09075,3.40E-02
0.091,3.67E-02
0.09125,4.01E-02
0.0915,4.42E-02
0.09175,4.92E-02
0.092,5.52E-02
0.09225,6.23E-02
0.0925,7.05E-02
0.09275,7.99E-02
0.093,9.07E-02
0.09325,1.03E-01
0.0935,1.16E-01
0.09375,1.32E-01
0.094,1.49E-01
0.09425,1.67E-01
0.0945,1.87E-01
0.09475,2.06E-01
0.095,2.26E-01
0.09525,2.46E-01
0.0955,2.65E-01
0.09575,2.83E-01
0.096,2.99E-01
0.09625,3.13E-01
0.0965,3.25E-01
0.09675,3.35E-01
0.097,3.42E-01
0.09725,3.45E-01
0.0975,3.45E-01
0.09775,3.41E-01
0.098,3.33E-01
0.09825,3.22E-01
0.0985,3.09E-01
0.09875,2.93E-01
0.099,2.76E-01
0.09925,2.58E-01
0.0995,2.39E-01
0.09975,2.21E-01
0.1,2.02E-01
0.10025,1.84E-01
0.1005,1.67E-01
0.10075,1.50E-01
0.101,1.35E-01
0.10125,1.22E-01
0.1015,1.09E-01
0.10175,9.85E-02
0.102,8.93E-02
0.10225,8.22E-02
0.1025,7.85E-02
0.10275,7.58E-02
0.103,7.19E-02
0.10325,6.53E-02
0.1035,5.49E-02
0.10375,4.03E-02
0.104,2.12E-02
0.10425,-1.71E-03
0.1045,-2.75E-02
0.10475,-5.46E-02
0.105,-8.11E-02
0.10525,-1.04E-01
0.1055,-1.21E-01
0.10575,-1.19E-01
0.106,-8.60E-02
0.10625,-1.48E-02
0.1065,9.76E-02
0.10675,2.49E-01
0.107,4.33E-01
0.10725,6.38E-01
0.1075,8.46E-01
0.10775,1.03E+00
0.108,1.15E+00
0.10825,1.20E+00
0.1085,1.15E+00
0.10875,1.02E+00
0.109,8.32E-01
0.10925,6.11E-01
0.1095,3.85E-01
0.10975,1.77E-01
0.11,1.75E-03
0.11025,-1.31E-01
0.1105,-2.18E-01
0.11075,-2.63E-01
0.111,-2.70E-01
0.11125,-2.48E-01
0.1115,-2.11E-01
0.11175,-1.65E-01
0.112,-1.20E-01
0.11225,-7.93E-02
0.1125,-4.64E-02
0.11275,-2.22E-02
0.113,-5.41E-03
0.11325,7.12E-03
0.1135,1.64E-02
0.11375,2.32E-02
0.114,2.82E-02
0.11425,3.19E-02
0.1145,3.49E-02
0.11475,3.75E-02
0.115,4.03E-02
0.11525,4.35E-02
0.1155,4.74E-02
0.11575,5.22E-02
0.116,5.80E-02
0.11625,6.50E-02
0.1165,7.30E-02
0.11675,8.22E-02
0.117,9.22E-02
0.11725,1.03E-01
0.1175,1.14E-01
0.11775,1.27E-01
0.118,1.40E-01
0.11825,1.53E-01
0.1185,1.68E-01
0.11875,1.84E-01
0.119,2.00E-01
0.11925,2.17E-01
0.1195,2.34E-01
0.11975,2.52E-01
0.12,2.70E-01
0.12025,2.89E-01
0.1205,3.07E-01
0.12075,3.26E-01
0.121,3.44E-01
0.12125,3.62E-01
0.1215,3.79E-01
0.12175,3.95E-01
0.122,4.11E-01
0.12225,4.25E-01
0.1225,4.38E-01
0.12275,4.50E-01
0.123,4.59E-01
0.12325,4.67E-01
0.1235,4.73E-01
0.12375,4.77E-01
0.124,4.80E-01
0.12425,4.80E-01
0.1245,4.77E-01
0.12475,4.73E-01
0.125,4.67E-01
0.12525,4.59E-01
0.1255,4.49E-01
0.12575,4.38E-01
0.126,4.24E-01
0.12625,4.10E-01
0.1265,3.94E-01
0.12675,3.77E-01
0.127,3.59E-01
0.12725,3.40E-01
0.1275,3.21E-01
0.12775,3.02E-01
0.128,2.82E-01
0.12825,2.63E-01
0.1285,2.43E-01
0.12875,2.24E-01
0.129,2.06E-01
0.12925,1.88E-01
0.1295,1.70E-01
0.12975,1.54E-01
0.13,1.38E-01
0.13025,1.23E-01
0.1305,1.09E-01
0.13075,9.59E-02
0.131,8.38E-02
0.13125,7.26E-02
0.1315,6.23E-02
0.13175,5.31E-02
0.132,4.47E-02
0.13225,3.72E-02
0.1325,3.05E-02
0.13275,2.45E-02
0.133,1.91E-02
0.13325,1.44E-02
0.1335,1.03E-02
0.13375,6.63E-03
0.134,3.47E-03
0.13425,7.26E-04
0.1345,-1.63E-03
0.13475,-3.64E-03
0.135,-5.35E-03
0.13525,-6.77E-03
0.1355,-7.96E-03
0.13575,-8.94E-03
0.136,-9.74E-03
0.13625,-1.04E-02
0.1365,-1.09E-02
0.13675,-1.13E-02
0.137,-1.16E-02
0.13725,-1.18E-02
0.1375,-1.19E-02
0.13775,-1.20E-02
0.138,-1.21E-02
0.13825,-1.21E-02
0.1385,-1.21E-02
0.13875,-1.21E-02
0.139,-1.20E-02
0.13925,-1.19E-02
0.1395,-1.18E-02
0.13975,-1.17E-02
0.14,-1.15E-02
0.14025,-1.14E-02
0.1405,-1.12E-02
0.14075,-1.11E-02
0.141,-1.09E-02
0.14125,-1.08E-02
0.1415,-1.07E-02
0.14175,-1.06E-02
0.142,-1.04E-02
0.14225,-1.03E-02
0.1425,-1.02E-02
0.14275,-9.98E-03
0.143,-9.79E-03
0.14325,-9.55E-03
0.1435,-9.27E-03
0.14375,-8.93E-03
0.144,-8.52E-03
0.14425,-8.03E-03
0.1445,-7.44E-03
0.14475,-6.74E-03
0.145,-5.92E-03
0.14525,-4.96E-03
0.1455,-3.77E-03
0.14575,-2.24E-03
0.146,-2.46E-04
0.14625,2.30E-03
0.1465,5.52E-03
0.14675,9.49E-03
0.147,1.43E-02
0.14725,2.01E-02
0.1475,2.69E-02
0.14775,3.49E-02
0.148,4.41E-02
0.14825,5.45E-02
0.1485,6.64E-02
0.14875,7.97E-02
0.149,9.46E-02
0.14925,1.11E-01
0.1495,1.28E-01
0.14975,1.46E-01
0.15,1.64E-01
0.15025,1.82E-01
0.1505,2.00E-01
0.15075,2.17E-01
0.151,2.32E-01
0.15125,2.46E-01
0.1515,2.58E-01
0.15175,2.68E-01
0.152,2.75E-01
0.15225,2.79E-01
0.1525,2.79E-01
0.15275,2.76E-01
0.153,2.70E-01
0.15325,2.60E-01
0.1535,2.48E-01
0.15375,2.34E-01
0.154,2.17E-01
0.15425,2.00E-01
0.1545,1.82E-01
0.15475,1.63E-01
0.155,1.43E-01
0.15525,1.25E-01
0.1555,1.06E-01
0.15575,8.84E-02
0.156,7.18E-02
0.15625,5.65E-02
0.1565,4.27E-02
0.15675,3.06E-02
0.157,1.97E-02
0.15725,1.04E-02
0.1575,2.58E-03
0.15775,-3.92E-03
0.158,-9.40E-03
0.15825,-1.44E-02
0.1585,-1.95E-02
0.15875,-2.56E-02
0.159,-3.37E-02
0.15925,-4.50E-02
0.1595,-6.08E-02
0.15975,-8.27E-02
0.16,-1.10E-01
0.16025,-1.41E-01
0.1605,-1.68E-01
0.16075,-1.87E-01
0.161,-1.91E-01
0.16125,-1.74E-01
0.1615,-1.27E-01
0.16175,-4.26E-02
0.162,8.09E-02
0.16225,2.43E-01
0.1625,4.35E-01
0.16275,6.44E-01
0.163,8.48E-01
0.16325,1.02E+00
0.1635,1.13E+00
0.16375,1.15E+00
0.164,1.09E+00
0.16425,9.45E-01
0.1645,7.47E-01
0.16475,5.23E-01
0.165,2.98E-01
0.16525,9.44E-02
0.1655,-7.42E-02
0.16575,-2.00E-01
0.166,-2.81E-01
0.16625,-3.19E-01
0.1665,-3.23E-01
0.16675,-3.04E-01
0.167,-2.69E-01
0.16725,-2.25E-01
0.1675,-1.80E-01
0.16775,-1.38E-01
0.168,-1.04E-01
0.16825,-8.06E-02
0.1685,-6.47E-02
0.16875,-5.42E-02
0.169,-4.73E-02
0.16925,-4.27E-02
0.1695,-3.91E-02
0.16975,-3.58E-02
0.17,-3.24E-02
0.17025,-2.88E-02
0.1705,-2.49E-02
0.17075,-2.05E-02
0.171,-1.55E-02
0.17125,-9.93E-03
0.1715,-3.71E-03
0.17175,3.21E-03
0.172,1.09E-02
0.17225,1.93E-02
0.1725,2.85E-02
0.17275,3.86E-02
0.173,4.95E-02
0.17325,6.12E-02
0.1735,7.38E-02
0.17375,8.72E-02
0.174,1.01E-01
0.17425,1.17E-01
0.1745,1.33E-01
0.17475,1.50E-01
0.175,1.67E-01
0.17525,1.85E-01
0.1755,2.03E-01
0.17575,2.21E-01
0.176,2.39E-01
0.17625,2.57E-01
0.1765,2.75E-01
0.17675,2.92E-01
0.177,3.08E-01
0.17725,3.24E-01
0.1775,3.39E-01
0.17775,3.52E-01
0.178,3.65E-01
0.17825,3.76E-01
0.1785,3.86E-01
0.17875,3.94E-01
0.179,4.00E-01
0.17925,4.05E-01
0.1795,4.08E-01
0.17975,4.08E-01
0.18,4.07E-01
0.18025,4.03E-01
0.1805,3.97E-01
0.18075,3.89E-01
0.181,3.79E-01
0.18125,3.68E-01
0.1815,3.55E-01
0.18175,3.41E-01
0.182,3.25E-01
0.18225,3.09E-01
0.1825,2.92E-01
0.18275,2.74E-01
0.183,2.55E-01
0.18325,2.36E-01
0.1835,2.17E-01
0.18375,1.97E-01
0.184,1.78E-01
0.18425,1.59E-01
0.1845,1.40E-01
0.18475,1.21E-01
0.185,1.03E-01
0.18525,8.53E-02
0.1855,6.87E-02
0.18575,5.29E-02
0.186,3.82E-02
0.18625,2.46E-02
0.1865,1.19E-02
0.18675,1.09E-04
0.187,-1.07E-02
0.18725,-2.07E-02
0.1875,-2.98E-02
0.18775,-3.81E-02
0.188,-4.56E-02
0.18825,-5.25E-02
0.1885,-5.86E-02
0.18875,-6.40E-02
0.189,-6.88E-02
0.18925,-7.31E-02
0.1895,-7.68E-02
0.18975,-8.00E-02
0.19,-8.28E-02
0.19025,-8.51E-02
0.1905,-8.71E-02
0.19075,-8.87E-02
0.191,-9.01E-02
0.19125,-9.13E-02
0.1915,-9.22E-02
0.19175,-9.30E-02
0.192,-9.38E-02
0.19225,-9.44E-02
0.1925,-9.49E-02
0.19275,-9.53E-02
0.193,-9.57E-02
0.19325,-9.60E-02
0.1935,-9.63E-02
0.19375,-9.64E-02
0.194,-9.66E-02
0.19425,-9.67E-02
0.1945,-9.68E-02
0.19475,-9.69E-02
0.195,-9.70E-02
0.19525,-9.71E-02
0.1955,-9.71E-02
0.19575,-9.71E-02
0.196,-9.72E-02
0.19625,-9.72E-02
0.1965,-9.72E-02
0.19675,-9.72E-02
0.197,-9.72E-02
0.19725,-9.71E-02
0.1975,-9.71E-02
0.19775,-9.70E-02
0.198,-9.69E-02
0.19825,-9.67E-02
0.1985,-9.65E-02
0.19875,-9.63E-02
0.199,-9.60E-02
0.19925,-9.56E-02
0.1995,-9.53E-02
0.19975,-9.49E-02
0.2,-9.44E-02
0.20025,-9.38E-02
0.2005,-9.31E-02
0.20075,-9.22E-02
0.201,-9.10E-02
0.20125,-8.96E-02
0.2015,-8.78E-02
0.20175,-8.56E-02
0.202,-8.28E-02
0.20225,-7.95E-02
0.2025,-7.55E-02
0.20275,-7.09E-02
0.203,-6.53E-02
0.20325,-5.87E-02
0.2035,-5.09E-02
0.20375,-4.17E-02
0.204,-3.10E-02
0.20425,-1.89E-02
0.2045,-5.34E-03
0.20475,9.59E-03
0.205,2.58E-02
0.20525,4.30E-02
0.2055,6.11E-02
0.20575,7.98E-02
0.206,9.88E-02
0.20625,1.18E-01
0.2065,1.36E-01
0.20675,1.54E-01
0.207,1.70E-01
0.20725,1.84E-01
0.2075,1.96E-01
0.20775,2.05E-01
0.208,2.11E-01
0.20825,2.14E-01
0.2085,2.13E-01
0.20875,2.10E-01
0.209,2.03E-01
0.20925,1.93E-01
0.2095,1.81E-01
0.20975,1.66E-01
0.21,1.50E-01
0.21025,1.32E-01
0.2105,1.13E-01
0.21075,9.36E-02
0.211,7.42E-02
0.21125,5.50E-02
0.2115,3.65E-02
0.21175,1.90E-02
0.212,2.60E-03
0.21225,-1.27E-02
0.2125,-2.67E-02
0.21275,-3.91E-02
0.213,-4.98E-02
0.21325,-5.88E-02
0.2135,-6.61E-02
0.21375,-7.22E-02
0.214,-7.73E-02
0.21425,-8.22E-02
0.2145,-8.76E-02
0.21475,-9.43E-02
0.215,-1.03E-01
0.21525,-1.16E-01
0.2155,-1.34E-01
0.21575,-1.68E-01
0.216,-2.12E-01
0.21625,-2.54E-01
0.2165,-2.85E-01
0.21675,-2.98E-01
0.217,-2.88E-01
0.21725,-2.49E-01
0.2175,-1.80E-01
0.21775,-8.05E-02
0.218,4.94E-02
0.21825,2.07E-01
0.2185,3.87E-01
0.21875,5.84E-01
0.219,7.88E-01
0.21925,9.62E-01
0.2195,1.07E+00
0.21975,1.10E+00
0.22,1.04E+00
0.22025,9.06E-01
0.2205,7.11E-01
0.22075,4.87E-01
0.221,2.63E-01
0.22125,6.20E-02
0.2215,-1.02E-01
0.22175,-2.20E-01
0.222,-2.93E-01
0.22225,-3.22E-01
0.2225,-3.17E-01
0.22275,-2.90E-01
0.223,-2.50E-01
0.22325,-2.05E-01
0.2235,-1.62E-01
0.22375,-1.24E-01
0.224,-9.45E-02
0.22425,-7.36E-02
0.2245,-5.97E-02
0.22475,-5.03E-02
0.225,-4.42E-02
0.22525,-4.01E-02
0.2255,-3.70E-02
0.22575,-3.42E-02
0.226,-3.10E-02
0.22625,-2.73E-02
0.2265,-2.28E-02
0.22675,-1.76E-02
0.227,-1.20E-02
0.22725,-6.00E-03
0.2275,6.22E-04
0.22775,7.95E-03
0.228,1.60E-02
0.22825,2.49E-02
0.2285,3.46E-02
0.22875,4.52E-02
0.229,5.66E-02
0.22925,6.89E-02
0.2295,8.21E-02
0.22975,9.60E-02
0.23,1.11E-01
0.23025,1.26E-01
0.2305,1.43E-01
0.23075,1.60E-01
0.231,1.77E-01
0.23125,1.95E-01
0.2315,2.13E-01
0.23175,2.31E-01
0.232,2.49E-01
0.23225,2.66E-01
0.2325,2.83E-01
0.23275,2.99E-01
0.233,3.14E-01
0.23325,3.28E-01
0.2335,3.41E-01
0.23375,3.53E-01
0.234,3.63E-01
0.23425,3.71E-01
0.2345,3.78E-01
0.23475,3.83E-01
0.235,3.86E-01
0.23525,3.87E-01
0.2355,3.86E-01
0.23575,3.82E-01
0.236,3.77E-01
0.23625,3.69E-01
0.2365,3.59E-01
0.23675,3.48E-01
0.237,3.35E-01
0.23725,3.20E-01
0.2375,3.05E-01
0.23775,2.88E-01
0.238,2.71E-01
0.23825,2.53E-01
0.2385,2.35E-01
0.23875,2.16E-01
0.239,1.97E-01
0.23925,1.78E-01
0.2395,1.59E-01
0.23975,1.40E-01
0.24,1.22E-01
0.24025,1.04E-01
0.2405,8.70E-02
0.24075,7.05E-02
0.241,5.47E-02
0.24125,3.99E-02
0.2415,2.61E-02
0.24175,1.34E-02
0.242,1.72E-03
0.24225,-8.88E-03
0.2425,-1.85E-02
0.24275,-2.72E-02
0.243,-3.50E-02
0.24325,-4.20E-02
0.2435,-4.82E-02
0.24375,-5.37E-02
0.244,-5.85E-02
0.24425,-6.27E-02
0.2445,-6.63E-02
0.24475,-6.93E-02
0.245,-7.19E-02
0.24525,-7.40E-02
0.2455,-7.57E-02
0.24575,-7.70E-02
0.246,-7.80E-02
0.24625,-7.87E-02
0.2465,-7.91E-02
0.24675,-7.94E-02
0.247,-7.94E-02
0.24725,-7.94E-02
0.2475,-7.92E-02
0.24775,-7.89E-02
0.248,-7.86E-02
0.24825,-7.83E-02
0.2485,-7.78E-02
0.24875,-7.74E-02
0.249,-7.69E-02
0.24925,-7.63E-02
0.2495,-7.58E-02
0.24975,-7.52E-02
0.25,-7.46E-02
0.25025,-7.40E-02
0.2505,-7.34E-02
0.25075,-7.28E-02
0.251,-7.22E-02
0.25125,-7.16E-02
0.2515,-7.10E-02
0.25175,-7.04E-02
0.252,-6.98E-02
0.25225,-6.92E-02
0.2525,-6.86E-02
0.25275,-6.81E-02
0.253,-6.75E-02
0.25325,-6.69E-02
0.2535,-6.63E-02
0.25375,-6.57E-02
0.254,-6.51E-02
0.25425,-6.44E-02
0.2545,-6.37E-02
0.25475,-6.30E-02
0.255,-6.22E-02
0.25525,-6.13E-02
0.2555,-6.03E-02
0.25575,-5.90E-02
0.256,-5.76E-02
0.25625,-5.59E-02
0.2565,-5.38E-02
0.25675,-5.12E-02
0.257,-4.81E-02
0.25725,-4.43E-02
0.2575,-3.98E-02
0.25775,-3.44E-02
0.258,-2.79E-02
0.25825,-2.04E-02
0.2585,-1.14E-02
0.25875,-1.09E-03
0.259,1.07E-02
0.25925,2.40E-02
0.2595,3.87E-02
0.25975,5.47E-02
0.26,7.19E-02
0.26025,8.99E-02
0.2605,1.09E-01
0.26075,1.28E-01
0.261,1.47E-01
0.26125,1.65E-01
0.2615,1.82E-01
0.26175,1.98E-01
0.262,2.12E-01
0.26225,2.23E-01
0.2625,2.32E-01
0.26275,2.37E-01
0.263,2.39E-01
0.26325,2.38E-01
0.2635,2.33E-01
0.26375,2.26E-01
0.264,2.15E-01
0.26425,2.02E-01
0.2645,1.87E-01
0.26475,1.70E-01
0.265,1.52E-01
0.26525,1.33E-01
0.2655,1.14E-01
0.26575,9.56E-02
0.266,7.77E-02
0.26625,6.08E-02
0.2665,4.51E-02
0.26675,3.08E-02
0.267,1.80E-02
0.26725,6.71E-03
0.2675,-2.98E-03
0.26775,-1.12E-02
0.268,-1.81E-02
0.26825,-2.39E-02
0.2685,-2.86E-02
0.26875,-3.27E-02
0.269,-3.76E-02
0.26925,-4.43E-02
0.2695,-5.40E-02
0.26975,-6.76E-02
0.27,-8.56E-02
0.27025,-1.09E-01
0.2705,-1.38E-01
0.27075,-1.69E-01
0.271,-1.94E-01
0.27125,-2.05E-01
0.2715,-1.96E-01
0.27175,-1.61E-01
0.272,-9.19E-02
0.27225,1.48E-02
0.2725,1.64E-01
0.27275,3.51E-01
0.273,5.58E-01
0.27325,7.62E-01
0.2735,9.41E-01
0.27375,1.07E+00
0.274,1.12E+00
0.27425,1.07E+00
0.2745,9.38E-01
0.27475,7.53E-01
0.275,5.36E-01
0.27525,3.12E-01
0.2755,1.07E-01
0.27575,-5.79E-02
0.276,-1.78E-01
0.27625,-2.53E-01
0.2765,-2.86E-01
0.27675,-2.83E-01
0.277,-2.54E-01
0.27725,-2.12E-01
0.2775,-1.65E-01
0.27775,-1.20E-01
0.278,-8.22E-02
0.27825,-5.36E-02
0.2785,-3.45E-02
0.27875,-2.29E-02
0.279,-1.54E-02
0.27925,-9.98E-03
0.2795,-6.01E-03
0.27975,-2.73E-03
0.28,4.54E-04
0.28025,3.94E-03
0.2805,7.98E-03
0.28075,1.27E-02
0.281,1.79E-02
0.28125,2.37E-02
0.2815,3.01E-02
0.28175,3.74E-02
0.282,4.54E-02
0.28225,5.43E-02
0.2825,6.40E-02
0.28275,7.47E-02
0.283,8.63E-02
0.28325,9.88E-02
0.2835,1.12E-01
0.28375,1.27E-01
0.284,1.42E-01
0.28425,1.58E-01
0.2845,1.75E-01
0.28475,1.93E-01
0.285,2.11E-01
0.28525,2.30E-01
0.2855,2.49E-01
0.28575,2.68E-01
0.286,2.86E-01
0.28625,3.05E-01
0.2865,3.22E-01
0.28675,3.39E-01
0.287,3.55E-01
0.28725,3.71E-01
0.2875,3.84E-01
0.28775,3.97E-01
0.288,4.08E-01
0.28825,4.18E-01
0.2885,4.25E-01
0.28875,4.31E-01
0.289,4.35E-01
0.28925,4.37E-01
0.2895,4.37E-01
0.28975,4.34E-01
0.29,4.29E-01
0.29025,4.21E-01
0.2905,4.12E-01
0.29075,4.01E-01
0.291,3.88E-01
0.29125,3.74E-01
0.2915,3.59E-01
0.29175,3.42E-01
0.292,3.25E-01
0.29225,3.07E-01
0.2925,2.89E-01
0.29275,2.70E-01
0.293,2.51E-01
0.29325,2.32E-01
0.2935,2.14E-01
0.29375,1.95E-01
0.294,1.77E-01
0.29425,1.59E-01
0.2945,1.42E-01
0.29475,1.26E-01
0.295,1.11E-01
0.29525,9.65E-02
0.2955,8.32E-02
0.29575,7.10E-02
0.296,5.99E-02
0.29625,4.98E-02
0.2965,4.07E-02
0.29675,3.26E-02
0.297,2.53E-02
0.29725,1.88E-02
0.2975,1.32E-02
0.29775,8.24E-03
0.298,3.98E-03
0.29825,3.56E-04
0.2985,-2.68E-03
0.29875,-5.19E-03
0.299,-7.20E-03
0.29925,-8.77E-03
0.2995,-9.94E-03
0.29975,-1.08E-02
0.3,-1.13E-02
0.30025,-1.15E-02
0.3005,-1.15E-02
0.30075,-1.14E-02
0.301,-1.10E-02
0.30125,-1.06E-02
0.3015,-1.01E-02
0.30175,-9.59E-03
0.302,-8.98E-03
0.30225,-8.33E-03
0.3025,-7.65E-03
0.30275,-6.94E-03
0.303,-6.21E-03
0.30325,-5.47E-03
0.3035,-4.74E-03
0.30375,-4.01E-03
0.304,-3.30E-03
0.30425,-2.60E-03
0.3045,-1.93E-03
0.30475,-1.28E-03
0.305,-6.44E-04
0.30525,-3.06E-05
0.3055,5.64E-04
0.30575,1.14E-03
0.306,1.71E-03
0.30625,2.26E-03
0.3065,2.81E-03
0.30675,3.36E-03
0.307,3.91E-03
0.30725,4.47E-03
0.3075,5.08E-03
0.30775,5.73E-03
0.308,6.41E-03
0.30825,7.13E-03
0.3085,7.89E-03
0.30875,8.73E-03
0.309,9.68E-03
0.30925,1.08E-02
0.3095,1.21E-02
0.30975,1.37E-02
0.31,1.56E-02
0.31025,1.80E-02
0.3105,2.09E-02
0.31075,2.45E-02
0.311,2.89E-02
0.31125,3.41E-02
0.3115,4.04E-02
0.31175,4.79E-02
0.312,5.65E-02
0.31225,6.66E-02
0.3125,7.82E-02
0.31275,9.13E-02
0.313,1.06E-01
0.31325,1.22E-01
0.3135,1.39E-01
0.31375,1.57E-01
0.314,1.76E-01
0.31425,1.96E-01
0.3145,2.15E-01
0.31475,2.34E-01
0.315,2.52E-01
0.31525,2.68E-01
0.3155,2.82E-01
0.31575,2.94E-01
0.316,3.03E-01
0.31625,3.08E-01
0.3165,3.11E-01
0.31675,3.10E-01
0.317,3.05E-01
0.31725,2.98E-01
0.3175,2.87E-01
0.31775,2.74E-01
0.318,2.58E-01
0.31825,2.41E-01
0.3185,2.22E-01
0.31875,2.03E-01
0.319,1.85E-01
0.31925,1.66E-01
0.3195,1.48E-01
0.31975,1.31E-01
0.32,1.16E-01
0.32025,1.02E-01
0.3205,8.95E-02
0.32075,7.87E-02
0.321,6.94E-02
0.32125,6.15E-02
0.3215,5.49E-02
0.32175,4.93E-02
0.322,4.45E-02
0.32225,4.00E-02
0.3225,3.48E-02
0.32275,2.71E-02
0.323,1.58E-02
0.32325,-5.24E-05
0.3235,-2.10E-02
0.32375,-4.74E-02
0.324,-7.76E-02
0.32425,-1.05E-01
0.3245,-1.23E-01
0.32475,-1.24E-01
0.325,-1.01E-01
0.32525,-4.50E-02
0.3255,4.97E-02
0.32575,1.86E-01
0.326,3.61E-01
0.32625,5.62E-01
0.3265,7.71E-01
0.32675,9.64E-01
0.327,1.11E+00
0.32725,1.17E+00
0.3275,1.14E+00
0.32775,1.03E+00
0.328,8.63E-01
0.32825,6.50E-01
0.3285,4.20E-01
0.32875,2.04E-01
0.329,2.46E-02
0.32925,-1.13E-01
0.3295,-2.07E-01
0.32975,-2.58E-01
0.33,-2.71E-01
0.33025,-2.53E-01
0.3305,-2.15E-01
0.33075,-1.69E-01
0.331,-1.21E-01
0.33125,-7.83E-02
0.3315,-4.33E-02
0.33175,-1.77E-02
0.332,-7.01E-04
0.33225,1.05E-02
0.3325,1.83E-02
0.33275,2.40E-02
0.333,2.83E-02
0.33325,3.21E-02
0.3335,3.60E-02
0.33375,4.02E-02
0.334,4.50E-02
0.33425,5.03E-02
0.3345,5.61E-02
0.33475,6.24E-02
0.335,6.94E-02
0.33525,7.71E-02
0.3355,8.55E-02
0.33575,9.47E-02
0.336,1.05E-01
0.33625,1.16E-01
0.3365,1.27E-01
0.33675,1.40E-01
0.337,1.53E-01
0.33725,1.67E-01
0.3375,1.82E-01
0.33775,1.98E-01
0.338,2.15E-01
0.33825,2.32E-01
0.3385,2.50E-01
0.33875,2.68E-01
0.339,2.87E-01
0.33925,3.05E-01
0.3395,3.23E-01
0.33975,3.41E-01
0.34,3.59E-01
0.34025,3.76E-01
0.3405,3.93E-01
0.34075,4.09E-01
0.341,4.23E-01
0.34125,4.37E-01
0.3415,4.49E-01
0.34175,4.60E-01
0.342,4.69E-01
0.34225,4.76E-01
0.3425,4.81E-01
0.34275,4.84E-01
0.343,4.85E-01
0.34325,4.84E-01
0.3435,4.80E-01
0.34375,4.75E-01
0.344,4.68E-01
0.34425,4.59E-01
0.3445,4.49E-01
0.34475,4.36E-01
0.345,4.23E-01
0.34525,4.08E-01
0.3455,3.92E-01
0.34575,3.74E-01
0.346,3.56E-01
0.34625,3.38E-01
0.3465,3.18E-01
0.34675,2.99E-01
0.347,2.79E-01
0.34725,2.60E-01
0.3475,2.40E-01
0.34775,2.22E-01
0.348,2.04E-01
0.34825,1.86E-01
0.3485,1.70E-01
0.34875,1.54E-01
0.349,1.39E-01
0.34925,1.25E-01
0.3495,1.12E-01
0.34975,1.00E-01
0.35,8.88E-02
0.35025,7.85E-02
0.3505,6.92E-02
0.35075,6.07E-02
0.351,5.32E-02
0.35125,4.65E-02
0.3515,4.06E-02
0.35175,3.55E-02
0.352,3.11E-02
0.35225,2.72E-02
0.3525,2.39E-02
0.35275,2.10E-02
0.353,1.86E-02
0.35325,1.65E-02
0.3535,1.48E-02
0.35375,1.34E-02
0.354,1.23E-02
0.35425,1.14E-02
0.3545,1.08E-02
0.35475,1.03E-02
0.355,9.92E-03
0.35525,9.69E-03
0.3555,9.57E-03
0.35575,9.54E-03
0.356,9.57E-03
0.35625,9.65E-03
0.3565,9.78E-03
0.35675,9.94E-03
0.357,1.01E-02
0.35725,1.04E-02
0.3575,1.06E-02
0.35775,1.09E-02
0.358,1.12E-02
0.35825,1.16E-02
0.3585,1.20E-02
0.35875,1.23E-02
0.359,1.27E-02
0.35925,1.32E-02
0.3595,1.36E-02
0.35975,1.40E-02
0.36,1.44E-02
0.36025,1.49E-02
0.3605,1.54E-02
0.36075,1.59E-02
0.361,1.64E-02
0.36125,1.69E-02
0.3615,1.76E-02
0.36175,1.82E-02
0.362,1.89E-02
0.36225,1.97E-02
0.3625,2.06E-02
0.36275,2.16E-02
0.363,2.27E-02
0.36325,2.39E-02
0.3635,2.52E-02
0.36375,2.67E-02
0.364,2.84E-02
0.36425,3.04E-02
0.3645,3.29E-02
0.36475,3.59E-02
0.365,3.95E-02
0.36525,4.39E-02
0.3655,4.91E-02
0.36575,5.52E-02
0.366,6.24E-02
0.36625,7.06E-02
0.3665,8.00E-02
0.36675,9.08E-02
0.367,1.03E-01
0.36725,1.17E-01
0.3675,1.32E-01
0.36775,1.49E-01
0.368,1.67E-01
0.36825,1.85E-01
0.3685,2.04E-01
0.36875,2.23E-01
0.369,2.42E-01
0.36925,2.59E-01
0.3695,2.76E-01
0.36975,2.91E-01
0.37,3.04E-01
0.37025,3.15E-01
0.3705,3.23E-01
0.37075,3.28E-01
0.371,3.30E-01
0.37125,3.29E-01
0.3715,3.24E-01
0.37175,3.15E-01
0.372,3.03E-01
0.37225,2.89E-01
0.3725,2.73E-01
0.37275,2.56E-01
0.373,2.38E-01
0.37325,2.20E-01
0.3735,2.01E-01
0.37375,1.82E-01
0.374,1.64E-01
0.37425,1.47E-01
0.3745,1.30E-01
0.37475,1.15E-01
0.375,1.01E-01
0.37525,8.86E-02
0.3755,7.79E-02
0.37575,6.86E-02
0.376,6.06E-02
0.37625,5.39E-02
0.3765,4.82E-02
0.37675,4.31E-02
0.377,3.78E-02
0.37725,3.13E-02
0.3775,2.26E-02
0.37775,1.03E-02
0.378,-7.14E-03
0.37825,-3.02E-02
0.3785,-5.79E-02
0.37875,-8.77E-02
0.379,-1.15E-01
0.37925,-1.34E-01
0.3795,-1.36E-01
0.37975,-1.14E-01
0.38,-5.93E-02
0.38025,3.48E-02
0.3805,1.70E-01
0.38075,3.41E-01
0.381,5.40E-01
0.38125,7.52E-01
0.3815,9.52E-01
0.38175,1.10E+00
0.382,1.18E+00
0.38225,1.18E+00
0.3825,1.09E+00
0.38275,9.27E-01
0.383,7.19E-01
0.38325,4.92E-01
0.3835,2.71E-01
0.38375,7.61E-02
0.384,-8.10E-02
0.38425,-1.94E-01
0.3845,-2.63E-01
0.38475,-2.89E-01
0.385,-2.83E-01
0.38525,-2.56E-01
0.3855,-2.17E-01
0.38575,-1.73E-01
0.386,-1.30E-01
0.38625,-9.27E-02
0.3865,-6.26E-02
0.38675,-4.08E-02
0.387,-2.62E-02
0.38725,-1.54E-02
0.3875,-7.11E-03
0.38775,-7.08E-04
0.388,4.28E-03
0.38825,8.29E-03
0.3885,1.17E-02
0.38875,1.49E-02
0.389,1.82E-02
0.38925,2.19E-02
0.3895,2.61E-02
0.38975,3.11E-02
0.39,3.70E-02
0.39025,4.39E-02
0.3905,5.18E-02
0.39075,6.08E-02
0.391,7.08E-02
0.39125,8.17E-02
0.3915,9.35E-02
0.39175,1.06E-01
0.392,1.19E-01
0.39225,1.33E-01
0.3925,1.48E-01
0.39275,1.63E-01
0.393,1.80E-01
0.39325,1.97E-01
0.3935,2.14E-01
0.39375,2.32E-01
0.394,2.50E-01
0.39425,2.69E-01
0.3945,2.87E-01
0.39475,3.06E-01
0.395,3.24E-01
0.39525,3.42E-01
0.3955,3.59E-01
0.39575,3.75E-01
0.396,3.91E-01
0.39625,4.05E-01
0.3965,4.18E-01
0.39675,4.30E-01
0.397,4.40E-01
0.39725,4.48E-01
0.3975,4.54E-01
0.39775,4.59E-01
0.398,4.61E-01
0.39825,4.62E-01
0.3985,4.60E-01
0.39875,4.57E-01
0.399,4.51E-01
0.39925,4.44E-01
0.3995,4.34E-01
0.39975,4.23E-01
0.4,4.11E-01
0.40025,3.97E-01
0.4005,3.81E-01
0.40075,3.64E-01
0.401,3.47E-01
0.40125,3.28E-01
0.4015,3.10E-01
0.40175,2.90E-01
0.402,2.71E-01
0.40225,2.51E-01
0.4025,2.32E-01
0.40275,2.13E-01
0.403,1.94E-01
0.40325,1.76E-01
0.4035,1.58E-01
0.40375,1.41E-01
0.404,1.25E-01
0.40425,1.10E-01
0.4045,9.56E-02
0.40475,8.21E-02
0.405,6.96E-02
0.40525,5.81E-02
0.4055,4.74E-02
0.40575,3.77E-02
0.406,2.88E-02
0.40625,2.07E-02
0.4065,1.34E-02
0.40675,6.82E-03
0.407,9.74E-04
0.40725,-4.23E-03
0.4075,-8.87E-03
0.40775,-1.30E-02
0.408,-1.66E-02
0.40825,-1.98E-02
0.4085,-2.26E-02
0.40875,-2.51E-02
0.409,-2.72E-02
0.40925,-2.91E-02
0.4095,-3.07E-02
0.40975,-3.22E-02
0.41,-3.34E-02
0.41025,-3.45E-02
0.4105,-3.55E-02
0.41075,-3.63E-02
0.411,-3.70E-02
0.41125,-3.77E-02
0.4115,-3.83E-02
0.41175,-3.88E-02
0.412,-3.93E-02
0.41225,-3.97E-02
0.4125,-4.01E-02
0.41275,-4.04E-02
0.413,-4.07E-02
0.41325,-4.10E-02
0.4135,-4.12E-02
0.41375,-4.14E-02
0.414,-4.16E-02
0.41425,-4.18E-02
0.4145,-4.19E-02
0.41475,-4.21E-02
0.415,-4.22E-02
0.41525,-4.23E-02
0.4155,-4.24E-02
0.41575,-4.25E-02
0.416,-4.26E-02
0.41625,-4.26E-02
0.4165,-4.26E-02
0.41675,-4.26E-02
0.417,-4.26E-02
0.41725,-4.25E-02
0.4175,-4.23E-02
0.41775,-4.21E-02
0.418,-4.18E-02
0.41825,-4.15E-02
0.4185,-4.11E-02
0.41875,-4.05E-02
0.419,-3.99E-02
0.41925,-3.91E-02
0.4195,-3.83E-02
0.41975,-3.72E-02
0.42,-3.58E-02
0.42025,-3.39E-02
0.4205,-3.14E-02
0.42075,-2.83E-02
0.421,-2.44E-02
0.42125,-1.96E-02
0.4215,-1.38E-02
0.42175,-7.07E-03
0.422,8.01E-04
0.42225,9.84E-03
0.4225,2.01E-02
0.42275,3.17E-02
0.423,4.45E-02
0.42325,5.88E-02
0.4235,7.45E-02
0.42375,9.19E-02
0.424,1.11E-01
0.42425,1.30E-01
0.4245,1.49E-01
0.42475,1.68E-01
0.425,1.86E-01
0.42525,2.03E-01
0.4255,2.18E-01
0.42575,2.32E-01
0.426,2.43E-01
0.42625,2.51E-01
0.4265,2.57E-01
0.42675,2.59E-01
0.427,2.59E-01
0.42725,2.56E-01
0.4275,2.50E-01
0.42775,2.41E-01
0.428,2.29E-01
0.42825,2.14E-01
0.4285,1.97E-01
0.42875,1.79E-01
0.429,1.60E-01
0.42925,1.41E-01
0.4295,1.21E-01
0.42975,1.02E-01
0.43,8.41E-02
0.43025,6.67E-02
0.4305,5.05E-02
0.43075,3.57E-02
0.431,2.22E-02
0.43125,1.02E-02
0.4315,-3.22E-04
0.43175,-9.45E-03
0.432,-1.72E-02
0.43225,-2.34E-02
0.4325,-2.89E-02
0.43275,-3.42E-02
0.433,-4.03E-02
0.43325,-4.77E-02
0.4335,-5.74E-02
0.43375,-7.00E-02
0.434,-8.63E-02
0.43425,-1.07E-01
0.4345,-1.33E-01
0.43475,-1.64E-01
0.435,-1.94E-01
0.43525,-2.15E-01
0.4355,-2.21E-01
0.43575,-2.05E-01
0.436,-1.60E-01
0.43625,-8.20E-02
0.4365,3.48E-02
0.43675,1.94E-01
0.437,3.85E-01
0.43725,5.91E-01
0.4375,7.92E-01
0.43775,9.67E-01
0.438,1.09E+00
0.43825,1.14E+00
0.4385,1.09E+00
0.43875,9.60E-01
0.439,7.77E-01
0.43925,5.63E-01
0.4395,3.39E-01
0.43975,1.27E-01
0.44,-5.00E-02
0.44025,-1.83E-01
0.4405,-2.72E-01
0.44075,-3.20E-01
0.441,-3.32E-01
0.44125,-3.14E-01
0.4415,-2.76E-01
0.44175,-2.31E-01
0.442,-1.85E-01
0.44225,-1.44E-01
0.4425,-1.11E-01
0.44275,-8.61E-02
0.443,-6.98E-02
0.44325,-6.03E-02
0.4435,-5.44E-02
0.44375,-5.00E-02
0.444,-4.67E-02
0.44425,-4.40E-02
0.4445,-4.13E-02
0.44475,-3.83E-02
0.445,-3.48E-02
0.44525,-3.07E-02
0.4455,-2.59E-02
0.44575,-2.06E-02
0.446,-1.46E-02
0.44625,-7.92E-03
0.4465,-4.12E-04
0.44675,7.92E-03
0.447,1.71E-02
0.44725,2.72E-02
0.4475,3.82E-02
0.44775,5.01E-02
0.448,6.28E-02
0.44825,7.65E-02
0.4485,9.10E-02
0.44875,1.06E-01
0.449,1.22E-01
0.44925,1.39E-01
0.4495,1.57E-01
0.44975,1.75E-01
0.45,1.93E-01
0.45025,2.12E-01
0.4505,2.30E-01
0.45075,2.49E-01
0.451,2.67E-01
0.45125,2.84E-01
0.4515,3.01E-01
0.45175,3.16E-01
0.452,3.31E-01
0.45225,3.45E-01
0.4525,3.57E-01
0.45275,3.67E-01
0.453,3.77E-01
0.45325,3.84E-01
0.4535,3.90E-01
0.45375,3.93E-01
0.454,3.95E-01
0.45425,3.95E-01
0.4545,3.92E-01
0.45475,3.88E-01
0.455,3.81E-01
0.45525,3.72E-01
0.4555,3.61E-01
0.45575,3.48E-01
0.456,3.35E-01
0.45625,3.19E-01
0.4565,3.03E-01
0.45675,2.86E-01
0.457,2.68E-01
0.45725,2.50E-01
0.4575,2.31E-01
0.45775,2.11E-01
0.458,1.92E-01
0.45825,1.73E-01
0.4585,1.53E-01
0.45875,1.34E-01
0.459,1.16E-01
0.45925,9.76E-02
0.4595,8.00E-02
0.45975,6.32E-02
0.46,4.73E-02
0.46025,3.22E-02
0.4605,1.82E-02
0.46075,5.21E-03
0.461,-6.69E-03
0.46125,-1.76E-02
0.4615,-2.76E-02
0.46175,-3.66E-02
0.462,-4.48E-02
0.46225,-5.23E-02
0.4625,-5.89E-02
0.46275,-6.49E-02
0.463,-7.01E-02
0.46325,-7.48E-02
0.4635,-7.89E-02
0.46375,-8.24E-02
0.464,-8.55E-02
0.46425,-8.81E-02
0.4645,-9.03E-02
0.46475,-9.21E-02
0.465,-9.36E-02
0.46525,-9.49E-02
0.4655,-9.58E-02
0.46575,-9.66E-02
0.466,-9.72E-02
0.46625,-9.77E-02
0.4665,-9.81E-02
0.46675,-9.84E-02
0.467,-9.86E-02
0.46725,-9.88E-02
0.4675,-9.89E-02
0.46775,-9.90E-02
0.468,-9.90E-02
0.46825,-9.90E-02
0.4685,-9.90E-02
0.46875,-9.89E-02
0.469,-9.88E-02
0.46925,-9.87E-02
0.4695,-9.85E-02
0.46975,-9.83E-02
0.47,-9.82E-02
0.47025,-9.80E-02
0.4705,-9.77E-02
0.47075,-9.75E-02
0.471,-9.73E-02
0.47125,-9.70E-02
0.4715,-9.67E-02
0.47175,-9.64E-02
0.472,-9.61E-02
0.47225,-9.58E-02
0.4725,-9.54E-02
0.47275,-9.50E-02
0.473,-9.46E-02
0.47325,-9.41E-02
0.4735,-9.35E-02
0.47375,-9.29E-02
0.474,-9.23E-02
0.47425,-9.16E-02
0.4745,-9.08E-02
0.47475,-8.98E-02
0.475,-8.87E-02
0.47525,-8.73E-02
0.4755,-8.57E-02
0.47575,-8.37E-02
0.476,-8.13E-02
0.47625,-7.83E-02
0.4765,-7.48E-02
0.47675,-7.05E-02
0.477,-6.53E-02
0.47725,-5.92E-02
0.4775,-5.19E-02
0.47775,-4.34E-02
0.478,-3.35E-02
0.47825,-2.22E-02
0.4785,-9.38E-03
0.47875,4.74E-03
0.479,2.01E-02
0.47925,3.66E-02
0.4795,5.39E-02
0.47975,7.20E-02
0.48,9.04E-02
0.48025,1.09E-01
0.4805,1.27E-01
0.48075,1.44E-01
0.481,1.61E-01
0.48125,1.75E-01
0.4815,1.87E-01
0.48175,1.97E-01
0.482,2.03E-01
0.48225,2.06E-01
0.4825,2.06E-01
0.48275,2.03E-01
0.483,1.97E-01
0.48325,1.87E-01
0.4835,1.75E-01
0.48375,1.61E-01
0.484,1.44E-01
0.48425,1.26E-01
0.4845,1.07E-01
0.48475,8.73E-02
0.485,6.77E-02
0.48525,4.85E-02
0.4855,3.00E-02
0.48575,1.24E-02
0.486,-3.86E-03
0.48625,-1.88E-02
0.4865,-3.22E-02
0.48675,-4.41E-02
0.487,-5.45E-02
0.48725,-6.35E-02
0.4875,-7.11E-02
0.48775,-7.76E-02
0.488,-8.29E-02
0.48825,-8.76E-02
0.4885,-9.31E-02
0.48875,-1.01E-01
0.489,-1.11E-01
0.48925,-1.26E-01
0.4895,-1.44E-01
0.48975,-1.67E-01
0.49,-1.95E-01
0.49025,-2.27E-01
0.4905,-2.56E-01
0.49075,-2.73E-01
0.491,-2.69E-01
0.49125,-2.39E-01
0.4915,-1.78E-01
0.49175,-8.05E-02
0.492,5.36E-02
0.49225,2.25E-01
0.4925,4.37E-01
0.49275,6.58E-01
0.493,8.52E-01
0.49325,9.93E-01
0.4935,1.06E+00
0.49375,1.05E+00
0.494,9.59E-01
0.49425,7.95E-01
0.4945,5.84E-01
0.49475,3.59E-01
0.495,1.44E-01
0.49525,-4.33E-02
0.4955,-1.91E-01
0.49575,-2.92E-01
0.496,-3.47E-01
0.49625,-3.60E-01
0.4965,-3.42E-01
0.49675,-3.06E-01
0.497,-2.61E-01
0.49725,-2.13E-01
0.4975,-1.70E-01
0.49775,-1.35E-01
0.498,-1.09E-01
0.49825,-9.29E-02
0.4985,-8.35E-02
0.49875,-7.67E-02
0.499,-7.16E-02
0.49925,-6.77E-02
0.4995,-6.44E-02
0.49975,-6.10E-02
0.5,-5.74E-02
0.50025,-5.32E-02
0.5005,-4.83E-02
0.50075,-4.29E-02
0.501,-3.69E-02
0.50125,-3.02E-02
0.5015,-2.28E-02
0.50175,-1.46E-02
0.502,-5.52E-03
0.50225,4.40E-03
0.5025,1.52E-02
0.50275,2.70E-02
0.503,3.96E-02
0.50325,5.32E-02
0.5035,6.76E-02
0.50375,8.29E-02
0.504,9.89E-02
0.50425,1.16E-01
0.5045,1.33E-01
0.50475,1.52E-01
0.505,1.70E-01
0.50525,1.89E-01
0.5055,2.09E-01
0.50575,2.28E-01
0.506,2.46E-01
0.50625,2.64E-01
0.5065,2.82E-01
0.50675,2.98E-01
0.507,3.14E-01
0.50725,3.28E-01
0.5075,3.41E-01
0.50775,3.52E-01
0.508,3.62E-01
0.50825,3.70E-01
0.5085,3.77E-01
0.50875,3.81E-01
0.509,3.83E-01
0.50925,3.84E-01
0.5095,3.82E-01
0.50975,3.77E-01
0.51,3.71E-01
0.51025,3.62E-01
0.5105,3.51E-01
0.51075,3.39E-01
0.511,3.25E-01
0.51125,3.10E-01
0.5115,2.94E-01
0.51175,2.77E-01
0.512,2.60E-01
0.51225,2.42E-01
0.5125,2.23E-01
0.51275,2.04E-01
0.513,1.85E-01
0.51325,1.66E-01
0.5135,1.48E-01
0.51375,1.29E-01
0.514,1.12E-01
0.51425,9.43E-02
0.5145,7.76E-02
0.51475,6.17E-02
0.515,4.66E-02
0.51525,3.24E-02
0.5155,1.92E-02
0.51575,7.10E-03
0.516,-3.93E-03
0.51625,-1.39E-02
0.5165,-2.30E-02
0.51675,-3.11E-02
0.517,-3.83E-02
0.51725,-4.48E-02
0.5175,-5.05E-02
0.51775,-5.55E-02
0.518,-5.99E-02
0.51825,-6.36E-02
0.5185,-6.69E-02
0.51875,-6.96E-02
0.519,-7.18E-02
0.51925,-7.36E-02
0.5195,-7.51E-02
0.51975,-7.62E-02
0.52,-7.70E-02
0.52025,-7.75E-02
0.5205,-7.78E-02
0.52075,-7.79E-02
0.521,-7.78E-02
0.52125,-7.76E-02
0.5215,-7.73E-02
0.52175,-7.68E-02
0.522,-7.63E-02
0.52225,-7.57E-02
0.5225,-7.50E-02
0.52275,-7.43E-02
0.523,-7.35E-02
0.52325,-7.26E-02
0.5235,-7.18E-02
0.52375,-7.08E-02
0.524,-6.99E-02
0.52425,-6.89E-02
0.5245,-6.79E-02
0.52475,-6.69E-02
0.525,-6.58E-02
0.52525,-6.48E-02
0.5255,-6.37E-02
0.52575,-6.27E-02
0.526,-6.16E-02
0.52625,-6.06E-02
0.5265,-5.95E-02
0.52675,-5.84E-02
0.527,-5.74E-02
0.52725,-5.63E-02
0.5275,-5.52E-02
0.52775,-5.41E-02
0.528,-5.31E-02
0.52825,-5.19E-02
0.5285,-5.08E-02
0.52875,-4.97E-02
0.529,-4.86E-02
0.52925,-4.76E-02
0.5295,-4.64E-02
0.52975,-4.50E-02
0.53,-4.32E-02
0.53025,-4.10E-02
0.5305,-3.83E-02
0.53075,-3.49E-02
0.531,-3.07E-02
0.53125,-2.57E-02
0.5315,-1.98E-02
0.53175,-1.29E-02
0.532,-4.96E-03
0.53225,4.15E-03
0.5325,1.45E-02
0.53275,2.60E-02
0.533,3.90E-02
0.53325,5.32E-02
0.5335,6.90E-02
0.53375,8.61E-02
0.534,1.04E-01
0.53425,1.23E-01
0.5345,1.42E-01
0.53475,1.61E-01
0.535,1.79E-01
0.53525,1.96E-01
0.5355,2.12E-01
0.53575,2.25E-01
0.536,2.36E-01
0.53625,2.45E-01
0.5365,2.50E-01
0.53675,2.52E-01
0.537,2.51E-01
0.53725,2.46E-01
0.5375,2.38E-01
0.53775,2.27E-01
0.538,2.14E-01
0.53825,2.00E-01
0.5385,1.83E-01
0.53875,1.66E-01
0.539,1.48E-01
0.53925,1.29E-01
0.5395,1.11E-01
0.53975,9.37E-02
0.54,7.72E-02
0.54025,6.18E-02
0.5405,4.77E-02
0.54075,3.51E-02
0.541,2.42E-02
0.54125,1.52E-02
0.5415,7.91E-03
0.54175,2.09E-03
0.542,-2.64E-03
0.54225,-6.78E-03
0.5425,-1.10E-02
0.54275,-1.61E-02
0.543,-2.31E-02
0.54325,-3.29E-02
0.5435,-4.70E-02
0.54375,-6.65E-02
0.544,-9.15E-02
0.54425,-1.20E-01
0.5445,-1.49E-01
0.54475,-1.73E-01
0.545,-1.84E-01
0.54525,-1.74E-01
0.5455,-1.36E-01
0.54575,-6.06E-02
0.546,5.71E-02
0.54625,2.16E-01
0.5465,4.07E-01
0.54675,6.15E-01
0.547,8.20E-01
0.54725,9.93E-01
0.5475,1.10E+00
0.54775,1.13E+00
0.548,1.07E+00
0.54825,9.23E-01
0.5485,7.21E-01
0.54875,4.95E-01
0.549,2.73E-01
0.54925,7.42E-02
0.5495,-8.83E-02
0.54975,-2.06E-01
0.55,-2.79E-01
0.55025,-3.08E-01
0.5505,-3.04E-01
0.55075,-2.75E-01
0.551,-2.32E-01
0.55125,-1.85E-01
0.5515,-1.40E-01
0.55175,-1.03E-01
0.552,-7.41E-02
0.55225,-5.42E-02
0.5525,-4.06E-02
0.55275,-3.13E-02
0.553,-2.51E-02
0.55325,-2.07E-02
0.5535,-1.73E-02
0.55375,-1.40E-02
0.554,-1.04E-02
0.55425,-6.13E-03
0.5545,-1.05E-03
0.55475,4.77E-03
0.555,1.10E-02
0.55525,1.78E-02
0.5555,2.53E-02
0.55575,3.36E-02
0.556,4.27E-02
0.55625,5.26E-02
0.5565,6.34E-02
0.55675,7.51E-02
0.557,8.77E-02
0.55725,1.01E-01
0.5575,1.16E-01
0.55775,1.31E-01
0.558,1.47E-01
0.55825,1.64E-01
0.5585,1.81E-01
0.55875,2.00E-01
0.559,2.18E-01
0.55925,2.38E-01
0.5595,2.57E-01
0.55975,2.76E-01
0.56,2.95E-01
0.56025,3.13E-01
0.5605,3.31E-01
0.56075,3.49E-01
0.561,3.65E-01
0.56125,3.80E-01
0.5615,3.94E-01
0.56175,4.07E-01
0.562,4.19E-01
0.56225,4.28E-01
0.5625,4.36E-01
0.56275,4.42E-01
0.563,4.46E-01
0.56325,4.48E-01
0.5635,4.48E-01
0.56375,4.45E-01
0.564,4.40E-01
0.56425,4.32E-01
0.5645,4.23E-01
0.56475,4.12E-01
0.565,3.99E-01
0.56525,3.85E-01
0.5655,3.70E-01
0.56575,3.54E-01
0.566,3.38E-01
0.56625,3.20E-01
0.5665,3.03E-01
0.56675,2.85E-01
0.567,2.66E-01
0.56725,2.48E-01
0.5675,2.30E-01
0.56775,2.12E-01
0.568,1.95E-01
0.56825,1.78E-01
0.5685,1.61E-01
0.56875,1.46E-01
0.569,1.30E-01
0.56925,1.16E-01
0.5695,1.03E-01
0.56975,9.00E-02
0.57,7.84E-02
0.57025,6.77E-02
0.5705,5.81E-02
0.57075,4.95E-02
0.571,4.19E-02
0.57125,3.51E-02
0.5715,2.92E-02
0.57175,2.40E-02
0.572,1.95E-02
0.57225,1.57E-02
0.5725,1.25E-02
0.57275,9.81E-03
0.573,7.60E-03
0.57325,5.84E-03
0.5735,4.47E-03
0.57375,3.45E-03
0.574,2.74E-03
0.57425,2.31E-03
0.5745,2.12E-03
0.57475,2.14E-03
0.575,2.34E-03
0.57525,2.69E-03
0.5755,3.17E-03
0.57575,3.76E-03
0.576,4.44E-03
0.57625,5.18E-03
0.5765,5.99E-03
0.57675,6.84E-03
0.577,7.72E-03
0.57725,8.63E-03
0.5775,9.57E-03
0.57775,1.05E-02
0.578,1.15E-02
0.57825,1.25E-02
0.5785,1.35E-02
0.57875,1.45E-02
0.579,1.55E-02
0.57925,1.65E-02
0.5795,1.75E-02
0.57975,1.85E-02
0.58,1.94E-02
0.58025,2.03E-02
0.5805,2.12E-02
0.58075,2.20E-02
0.581,2.29E-02
0.58125,2.37E-02
0.5815,2.45E-02
0.58175,2.54E-02
0.582,2.62E-02
0.58225,2.70E-02
0.5825,2.79E-02
0.58275,2.88E-02
0.583,2.98E-02
0.58325,3.09E-02
0.5835,3.20E-02
0.58375,3.33E-02
0.584,3.46E-02
0.58425,3.62E-02
0.5845,3.82E-02
0.58475,4.06E-02
0.585,4.36E-02
0.58525,4.73E-02
0.5855,5.18E-02
0.58575,5.72E-02
0.586,6.36E-02
0.58625,7.11E-02
0.5865,7.97E-02
0.58675,8.96E-02
0.587,1.01E-01
0.58725,1.14E-01
0.5875,1.28E-01
0.58775,1.44E-01
0.588,1.61E-01
0.58825,1.79E-01
0.5885,1.98E-01
0.58875,2.17E-01
0.589,2.36E-01
0.58925,2.54E-01
0.5895,2.71E-01
0.58975,2.87E-01
0.59,3.01E-01
0.59025,3.13E-01
0.5905,3.22E-01
0.59075,3.29E-01
0.591,3.32E-01
0.59125,3.32E-01
0.5915,3.29E-01
0.59175,3.21E-01
0.592,3.11E-01
0.59225,2.98E-01
0.5925,2.82E-01
0.59275,2.66E-01
0.593,2.48E-01
0.59325,2.30E-01
0.5935,2.11E-01
0.59375,1.93E-01
0.594,1.75E-01
0.59425,1.58E-01
0.5945,1.42E-01
0.59475,1.27E-01
0.595,1.13E-01
0.59525,1.01E-01
0.5955,9.00E-02
0.59575,8.08E-02
0.596,7.46E-02
0.59625,7.13E-02
0.5965,6.86E-02
0.59675,6.47E-02
0.597,5.83E-02
0.59725,4.84E-02
0.5975,3.46E-02
0.59775,1.68E-02
0.598,-4.65E-03
0.59825,-2.90E-02
0.5985,-5.50E-02
0.59875,-8.12E-02
0.599,-1.05E-01
0.59925,-1.25E-01
0.5995,-1.32E-01
0.59975,-1.12E-01
0.6,-5.69E-02
0.60025,3.80E-02
0.6005,1.73E-01
0.60075,3.43E-01
0.601,5.40E-01
0.60125,7.50E-01
0.6015,9.51E-01
0.60175,1.11E+00
0.602,1.19E+00
0.60225,1.19E+00
0.6025,1.10E+00
0.60275,9.33E-01
0.603,7.24E-01
0.60325,4.98E-01
0.6035,2.79E-01
0.60375,8.72E-02
0.604,-6.55E-02
0.60425,-1.73E-01
0.6045,-2.36E-01
0.60475,-2.59E-01
0.605,-2.48E-01
0.60525,-2.17E-01
0.6055,-1.74E-01
0.60575,-1.28E-01
0.606,-8.43E-02
0.60625,-4.75E-02
0.6065,-1.92E-02
0.60675,6.67E-04
0.607,1.50E-02
0.60725,2.57E-02
0.6075,3.37E-02
0.60775,3.95E-02
0.608,4.38E-02
0.60825,4.72E-02
0.6085,5.01E-02
0.60875,5.30E-02
0.609,5.62E-02
0.60925,6.00E-02
0.6095,6.47E-02
0.60975,7.03E-02
0.61,7.70E-02
0.61025,8.48E-02
0.6105,9.37E-02
0.61075,1.03E-01
0.611,1.14E-01
0.61125,1.25E-01
0.6115,1.37E-01
0.61175,1.50E-01
0.612,1.63E-01
0.61225,1.78E-01
0.6125,1.93E-01
0.61275,2.09E-01
0.613,2.25E-01
0.61325,2.43E-01
0.6135,2.60E-01
0.61375,2.79E-01
0.614,2.97E-01
0.61425,3.15E-01
0.6145,3.34E-01
0.61475,3.52E-01
0.615,3.70E-01
0.61525,3.87E-01
0.6155,4.04E-01
0.61575,4.20E-01
0.616,4.34E-01
0.61625,4.48E-01
0.6165,4.59E-01
0.61675,4.69E-01
0.617,4.78E-01
0.61725,4.84E-01
0.6175,4.89E-01
0.61775,4.91E-01
0.618,4.92E-01
0.61825,4.90E-01
0.6185,4.86E-01
0.61875,4.81E-01
0.619,4.73E-01
0.61925,4.63E-01
0.6195,4.52E-01
0.61975,4.39E-01
0.62,4.25E-01
0.62025,4.09E-01
0.6205,3.92E-01
0.62075,3.75E-01
0.621,3.56E-01
0.62125,3.37E-01
0.6215,3.18E-01
0.62175,2.98E-01
0.622,2.79E-01
0.62225,2.59E-01
0.6225,2.40E-01
0.62275,2.22E-01
0.623,2.04E-01
0.62325,1.86E-01
0.6235,1.70E-01
0.62375,1.54E-01
0.624,1.39E-01
0.62425,1.25E-01
0.6245,1.12E-01
0.62475,1.00E-01
0.625,8.89E-02
0.62525,7.87E-02
0.6255,6.95E-02
0.62575,6.13E-02
0.626,5.39E-02
0.62625,4.73E-02
0.6265,4.14E-02
0.62675,3.62E-02
0.627,3.16E-02
0.62725,2.76E-02
0.6275,2.42E-02
0.62775,2.11E-02
0.628,1.86E-02
0.62825,1.64E-02
0.6285,1.45E-02
0.62875,1.30E-02
0.629,1.17E-02
0.62925,1.07E-02
0.6295,9.88E-03
0.62975,9.26E-03
0.63,8.80E-03
0.63025,8.49E-03
0.6305,8.29E-03
0.63075,8.19E-03
0.631,8.18E-03
0.63125,8.24E-03
0.6315,8.37E-03
0.63175,8.54E-03
0.632,8.76E-03
0.63225,9.03E-03
0.6325,9.34E-03
0.63275,9.69E-03
0.633,1.01E-02
0.63325,1.05E-02
0.6335,1.10E-02
0.63375,1.15E-02
0.634,1.20E-02
0.63425,1.26E-02
0.6345,1.31E-02
0.63475,1.37E-02
0.635,1.43E-02
0.63525,1.48E-02
0.6355,1.54E-02
0.63575,1.60E-02
0.636,1.66E-02
0.63625,1.71E-02
0.6365,1.77E-02
0.63675,1.84E-02
0.637,1.90E-02
0.63725,1.97E-02
0.6375,2.04E-02
0.63775,2.11E-02
0.638,2.19E-02
0.63825,2.28E-02
0.6385,2.38E-02
0.63875,2.48E-02
0.639,2.60E-02
0.63925,2.75E-02
0.6395,2.93E-02
0.63975,3.15E-02
0.64,3.29E-02