0.00025,9.35E-02
0.0005,3.29E-02
0.00075,1.03E-01
0.001,1.30E-01
0.00125,5.16E-02
0.0015,4.73E-02
0.00175,4.18E-02
0.002,4.25E-02
0.00225,7.12E-02
0.0025,5.43E-02
0.00275,1.08E-01
0.003,3.70E-02
0.00325,6.84E-02
0.0035,1.32E-01
0.00375,8.39E-02
0.004,1.21E-01
0.00425,8.46E-02
0.0045,7.78E-02
0.00475,1.09E-01
0.005,6.12E-02
0.00525,8.40E-02
0.0055,5.92E-02
0.00575,1.03E-01
0.006,5.31E-02
0.00625,4.79E-02
0.0065,7.59E-02
0.00675,6.53E-02
0.007,7.82E-02
0.00725,1.46E-01
0.0075,7.69E-02
0.00775,1.14E-01
0.008,3.68E-02
0.00825,1.21E-01
0.0085,5.55E-02
0.00875,2.24E-02
0.009,1.09E-01
0.00925,7.14E-02
0.0095,4.81E-02
0.00975,1.22E-01
0.01,2.76E-02
0.01025,1.18E-01
0.0105,3.90E-02
0.01075,4.72E-02
0.011,3.96E-02
0.01125,4.51E-02
0.0115,9.89E-02
0.01175,9.62E-02
0.012,7.53E-02
0.01225,5.40E-02
0.0125,1.02E-01
0.01275,2.39E-02
0.013,4.57E-02
0.01325,8.40E-02
0.0135,5.91E-02
0.01375,3.83E-02
0.014,1.04E-01
0.01425,4.75E-02
0.0145,4.13E-02
0.01475,7.90E-02
0.015,1.04E-01
0.01525,8.23E-02
0.0155,1.22E-01
0.01575,9.49E-02
0.016,5.30E-02
0.01625,7.14E-02
0.0165,6.77E-02
0.01675,1.07E-01
0.017,4.78E-02
0.01725,1.25E-01
0.0175,5.68E-02
0.01775,8.30E-02
0.018,9.80E-02
0.01825,9.06E-02
0.0185,7.58E-02
0.01875,8.09E-02
0.019,6.17E-02
0.01925,4.29E-02
0.0195,7.82E-02
0.01975,6.89E-02
0.02,1.22E-01
0.02025,7.17E-02
0.0205,1.10E-01
0.02075,9.36E-02
0.021,4.12E-02
0.02125,6.22E-02
0.0215,9.46E-02
0.02175,4.84E-02
0.022,5.84E-02
0.02225,5.66E-02
0.0225,1.01E-01
0.02275,6.02E-02
0.023,1.10E-01
0.02325,9.45E-02
0.0235,6.87E-02
0.02375,5.48E-02
0.024,5.79E-02
0.02425,2.73E-02
0.0245,1.30E-01
0.02475,3.74E-02
0.025,9.76E-02
0.02525,5.05E-02
0.0255,1.06E-01
0.02575,8.39E-02
0.026,8.99E-02
0.02625,6.17E-02
0.0265,8.19E-03
0.02675,5.15E-02
0.027,1.09E-01
0.02725,5.10E-02
0.0275,1.14E-01
0.02775,1.03E-01
0.028,9.57E-02
0.02825,3.11E-02
0.0285,7.15E-02
0.02875,1.01E-01
0.029,8.97E-02
0.02925,7.33E-02
0.0295,6.72E-02
0.02975,9.07E-02
0.03,3.88E-02
0.03025,1.18E-01
0.0305,1.12E-01
0.03075,4.27E-02
0.031,9.47E-02
0.03125,4.15E-02
0.0315,7.40E-02
0.03175,7.85E-02
0.032,9.44E-02
0.03225,3.63E-02
0.0325,4.10E-02
0.03275,1.12E-01
0.033,1.20E-01
0.03325,9.79E-02
0.0335,4.53E-02
0.03375,1.83E-02
0.034,1.03E-01
0.03425,1.36E-01
0.0345,7.56E-02
0.03475,7.98E-02
0.035,5.69E-02
0.03525,8.06E-02
0.0355,8.33E-02
0.03575,1.11E-01
0.036,1.23E-01
0.03625,5.35E-02
0.0365,9.37E-02
0.03675,-7.82E-02
0.037,9.27E-02
0.03725,8.45E-01
0.0375,1.07E+00
0.03775,-5.55E-01
0.038,-3.87E-01
0.03825,-1.84E-01
0.0385,-2.40E-01
0.03875,2.92E-03
0.039,8.80E-01
0.03925,4.98E-01
0.0395,-4.42E-01
0.03975,-3.25E-01
0.04,1.07E+00
0.04025,2.56E-01
0.0405,-8.26E-01
0.04075,6.19E-01
0.041,-5.93E-01
0.04125,1.08E+00
0.0415,7.46E-01
0.04175,-6.00E-01
0.042,8.79E-02
0.04225,-9.08E-02
0.0425,-1.54E-01
0.04275,2.07E-01
0.043,-3.81E-02
0.04325,2.59E-01
0.0435,-1.45E-01
0.04375,-8.30E-01
0.044,9.85E-01
0.04425,-1.05E-01
0.0445,9.40E-01
0.04475,-3.67E-01
0.045,-8.81E-01
0.04525,-6.83E-01
0.0455,1.24E-01
0.04575,1.07E+00
0.046,-2.89E-01
0.04625,-6.46E-01
0.0465,-7.17E-01
0.04675,-1.68E-01
0.047,2.91E-01
0.04725,-3.06E-01
0.0475,-6.66E-01
0.04775,-8.15E-01
0.048,-5.50E-01
0.04825,-6.43E-01
0.0485,9.64E-01
0.04875,2.86E-01
0.049,4.48E-01
0.04925,-3.45E-01
0.0495,7.42E-01
0.04975,9.07E-02
0.05,-2.18E-01
0.05025,2.74E-01
0.0505,5.05E-01
0.05075,3.85E-01
0.051,-7.13E-01
0.05125,9.78E-01
0.0515,6.27E-01
0.05175,-4.99E-01
0.052,-2.03E-03
0.05225,9.85E-01
0.0525,6.72E-01
0.05275,4.81E-01
0.053,-4.95E-01
0.05325,4.48E-01
0.0535,1.04E+00
0.05375,5.83E-01
0.054,-4.42E-01
0.05425,9.63E-01
0.0545,5.16E-01
0.05475,2.33E-01
0.055,-2.14E-01
0.05525,-1.03E-01
0.0555,6.79E-01
0.05575,4.48E-01
0.056,-7.60E-01
0.05625,5.24E-01
0.0565,6.67E-01
0.05675,-1.05E+00
0.057,1.07E-01
0.05725,-4.65E-02
0.0575,3.17E-01
0.05775,1.92E-01
0.058,2.02E-01
0.05825,-4.75E-01
0.0585,-6.95E-01
0.05875,-3.52E-02
0.059,-7.89E-01
0.05925,7.40E-01
0.0595,2.95E-01
0.05975,5.13E-01
0.06,-7.00E-02
0.06025,1.22E+00
0.0605,-7.59E-01
0.06075,-8.99E-01
0.061,7.53E-01
0.06125,3.58E-01
0.0615,-3.85E-01
0.06175,1.08E+00
0.062,-1.71E-01
0.06225,3.39E-01
0.0625,3.83E-01
0.06275,5.65E-01
0.063,-8.64E-01
0.06325,2.21E-01
0.0635,-9.36E-02
0.06375,4.20E-01
0.064,2.08E-01
0.06425,-6.72E-01
0.0645,-6.30E-01
0.06475,4.21E-01
0.065,7.27E-01
0.06525,9.19E-01
0.0655,-7.12E-01
0.06575,4.93E-01
0.066,-6.93E-01
0.06625,-5.14E-01
0.0665,9.56E-01
0.06675,-4.57E-01
0.067,-8.02E-01
0.06725,-5.83E-01
0.0675,2.22E-01
0.06775,1.94E-01
0.068,5.22E-01
0.06825,7.84E-02
0.0685,3.58E-02
0.06875,8.61E-01
0.069,8.19E-01
0.06925,7.22E-01
0.0695,-6.68E-02
0.06975,-9.18E-01
0.07,-4.66E-01
0.07025,8.82E-01
0.0705,-1.82E-01
0.07075,8.36E-01
0.071,8.31E-01
0.07125,-3.05E-01
0.0715,-2.93E-01
0.07175,-5.54E-01
0.072,1.47E-01
0.07225,8.07E-01
0.0725,4.98E-01
0.07275,-6.34E-01
0.073,1.08E-02
0.07325,-2.15E-01
0.0735,5.66E-01
0.07375,8.30E-01
0.074,8.84E-01
0.07425,-6.10E-01
0.0745,-6.39E-01
0.07475,-1.68E-01
0.075,-5.51E-01
0.07525,-3.62E-01
0.0755,-7.95E-02
0.07575,5.50E-01
0.076,-5.62E-01
0.07625,-8.55E-01
0.0765,-6.76E-01
0.07675,2.20E-01
0.077,-9.43E-01
0.07725,7.68E-02
0.0775,1.10E-01
0.07775,-8.63E-01
0.078,-7.42E-01
0.07825,6.71E-01
0.0785,2.61E-01
0.07875,-5.27E-01
0.079,-1.36E-01
0.07925,-5.82E-01
0.0795,-6.28E-01
0.07975,7.19E-01
0.08,9.93E-01
0.08025,8.14E-01
0.0805,2.88E-01
0.08075,-3.71E-01
0.081,-1.14E-01
0.08125,3.07E-02
0.0815,-4.30E-01
0.08175,-2.59E-01
0.082,-6.51E-02
0.08225,5.50E-01
0.0825,-7.68E-02
0.08275,-6.96E-01
0.083,-8.19E-01
0.08325,-5.81E-01
0.0835,-6.96E-01
0.08375,-2.46E-01
0.084,3.81E-01
0.08425,9.30E-02
0.0845,6.34E-01
0.08475,-1.45E-01
0.085,-4.03E-01
0.08525,1.97E-01
0.0855,-2.91E-01
0.08575,1.33E-01
0.086,6.97E-01
0.08625,-4.75E-01
0.0865,2.49E-01
0.08675,3.79E-01
0.087,9.81E-02
0.08725,4.88E-01
0.0875,1.87E-01
0.08775,7.99E-01
0.088,4.01E-01
0.08825,-7.31E-02
0.0885,1.09E-01
0.08875,-5.98E-01
0.089,2.03E-01
0.08925,5.90E-01
0.0895,-8.85E-02
0.08975,1.76E-01
0.09,-1.37E-01
0.09025,1.37E-01
0.0905,1.53E-01
0.09075,1.02E+00
0.091,1.05E+00
0.09125,5.13E-01
0.0915,-5.80E-01
0.09175,-6.66E-01
0.092,8.58E-02
0.09225,-8.02E-01
0.0925,-4.24E-01
0.09275,-9.34E-01
0.093,-8.93E-01
0.09325,-9.90E-01
0.0935,4.03E-01
0.09375,4.63E-01
0.094,3.76E-01
0.09425,-4.35E-01
0.0945,-7.92E-01
0.09475,9.59E-01
0.095,1.37E-01
0.09525,-7.51E-02
0.0955,1.12E+00
0.09575,7.81E-02
0.096,-8.91E-01
0.09625,-3.97E-01
0.0965,2.57E-01
0.09675,7.51E-01
0.097,-1.81E-02
0.09725,-8.53E-01
0.0975,5.07E-01
0.09775,1.38E-02
0.098,-1.29E-01
0.09825,-6.56E-01
0.0985,-3.73E-01
0.09875,2.26E-01
0.099,5.84E-01
0.09925,3.08E-01
0.0995,-2.67E-01
0.09975,2.33E-01
0.1,-4.65E-01
0.10025,-1.20E-02
0.1005,-3.06E-05
0.10075,-1.64E-01
0.101,3.99E-02
0.10125,7.94E-02
0.1015,1.01E-01
0.10175,8.98E-02
0.102,9.65E-02
0.10225,1.20E-01
0.1025,1.13E-01
0.10275,6.97E-02
0.103,3.46E-02
0.10325,7.26E-02
0.1035,4.07E-02
0.10375,5.87E-02
0.104,7.76E-02
0.10425,5.79E-02
0.1045,1.07E-01
0.10475,9.13E-02
0.105,9.07E-02
0.10525,1.17E-01
0.1055,6.12E-02
0.10575,1.21E-01
0.106,6.50E-02
0.10625,6.62E-02
0.1065,9.19E-02
0.10675,1.18E-01
0.107,4.37E-02
0.10725,7.06E-02
0.1075,1.02E-01
0.10775,1.01E-01
0.108,8.53E-02
0.10825,7.19E-02
0.1085,7.62E-02
0.10875,1.13E-01
0.109,6.54E-02
0.10925,4.45E-02
0.1095,8.17E-02
0.10975,6.01E-02
0.11,8.62E-02
0.11025,5.01E-02
0.1105,9.31E-02
0.11075,5.47E-02
0.111,4.94E-02
0.11125,5.07E-02
0.1115,7.63E-02
0.11175,1.03E-01
0.112,7.51E-02
0.11225,7.32E-02
0.1125,2.48E-02
0.11275,1.13E-01
0.113,5.48E-02
0.11325,1.13E-01
0.1135,3.68E-02
0.11375,5.50E-02
0.114,9.34E-02
0.11425,8.40E-02
0.1145,1.31E-01
0.11475,6.79E-02
0.115,7.37E-02
0.11525,5.99E-02
0.1155,3.60E-02
0.11575,8.95E-02
0.116,6.16E-02
0.11625,6.11E-02
0.1165,7.64E-02
0.11675,7.38E-02
0.117,6.45E-02
0.11725,1.10E-01
0.1175,8.35E-02
0.11775,4.92E-02
0.118,1.35E-01
0.11825,1.10E-01
0.1185,7.94E-02
0.11875,1.26E-01
0.119,7.80E-02
0.11925,7.16E-02
0.1195,3.25E-02
0.11975,5.87E-02
0.12,4.37E-02
0.12025,7.18E-02
0.1205,7.19E-02
0.12075,7.17E-02
0.121,5.11E-02
0.12125,1.07E-01
0.1215,9.89E-02
0.12175,7.53E-02
0.122,2.96E-02
0.12225,6.23E-02
0.1225,7.99E-02
0.12275,4.73E-02
0.123,8.20E-02
0.12325,3.93E-02
0.1235,5.49E-02
0.12375,7.34E-02
0.124,9.25E-02
0.12425,1.10E-01
0.1245,1.11E-01
0.12475,9.04E-02
0.125,4.49E-02
0.12525,3.56E-02
0.1255,9.92E-02
0.12575,7.81E-02
0.126,3.74E-02
0.12625,8.15E-02
0.1265,6.00E-02
0.12675,1.25E-01
0.127,7.00E-02
0.12725,9.81E-02
0.1275,4.12E-02
0.12775,5.05E-02
0.128,9.83E-02
0.12825,3.66E-02
0.1285,6.17E-02
0.12875,3.42E-02
0.129,9.42E-02
0.12925,7.05E-02
0.1295,1.06E-01
0.12975,1.05E-01
0.13,1.32E-01
0.13025,5.01E-02
0.1305,1.17E-01
0.13075,1.00E-01
0.131,5.72E-02
0.13125,4.96E-02
0.1315,7.99E-02
0.13175,3.77E-02
0.132,1.24E-01
0.13225,1.13E-01
0.1325,4.71E-02
0.13275,6.48E-02
0.133,7.79E-02
0.13325,9.52E-02
0.1335,6.71E-02
0.13375,9.13E-02
0.134,4.89E-02
0.13425,6.48E-02
0.1345,3.53E-02
0.13475,8.80E-02
0.135,3.20E-02
0.13525,7.34E-02
0.1355,5.77E-02
0.13575,3.45E-02
0.136,5.17E-02
0.13625,6.41E-02
0.1365,1.19E-01
0.13675,6.70E-02
0.137,9.33E-02
0.13725,1.58E-01
0.1375,7.01E-01
0.13775,7.31E-01
0.138,-1.43E-01
0.13825,8.42E-01
0.1385,7.19E-01
0.13875,9.63E-01
0.139,7.57E-01
0.13925,-7.18E-01
0.1395,-8.98E-01
0.13975,-3.60E-01
0.14,1.13E-01
0.14025,-2.18E-02
0.1405,-4.31E-01
0.14075,8.29E-01
0.141,-1.87E-01
0.14125,1.04E+00
0.1415,5.46E-01
0.14175,-3.39E-01
0.142,-1.08E+00
0.14225,4.43E-01
0.1425,-3.63E-01
0.14275,3.72E-01
0.143,4.60E-01
0.14325,2.98E-01
0.1435,-5.73E-01
0.14375,-5.77E-01
0.144,9.86E-01
0.14425,4.92E-01
0.1445,-5.43E-01
0.14475,-7.34E-01
0.145,4.38E-01
0.14525,4.94E-01
0.1455,-3.43E-04
0.14575,-3.31E-01
0.146,-4.11E-01
0.14625,4.25E-01
0.1465,8.34E-02
0.14675,4.10E-01
0.147,7.55E-01
0.14725,6.70E-01
0.1475,-7.10E-01
0.14775,5.48E-01
0.148,4.48E-01
0.14825,7.58E-01
0.1485,3.00E-01
0.14875,6.02E-01
0.149,6.14E-01
0.14925,2.91E-01
0.1495,-7.87E-01
0.14975,-8.21E-01
0.15,7.77E-01
0.15025,-1.03E+00
0.1505,5.55E-01
0.15075,5.65E-01
0.151,8.02E-01
0.15125,6.36E-01
0.1515,-7.75E-01
0.15175,3.78E-01
0.152,-8.91E-02
0.15225,-8.70E-01
0.1525,3.66E-02
0.15275,7.47E-01
0.153,4.93E-01
0.15325,6.50E-01
0.1535,-8.49E-01
0.15375,-1.98E-01
0.154,-1.03E-01
0.15425,-1.01E+00
0.1545,2.11E-01
0.15475,5.78E-01
0.155,-5.32E-01
0.15525,3.07E-01
0.1555,-5.37E-01
0.15575,-5.82E-01
0.156,-2.05E-01
0.15625,-6.48E-01
0.1565,-2.20E-01
0.15675,3.90E-01
0.157,5.05E-01
0.15725,9.05E-01
0.1575,3.62E-01
0.15775,-8.59E-01
0.158,-3.98E-01
0.15825,4.07E-01
0.1585,5.63E-01
0.15875,7.58E-01
0.159,-9.87E-01
0.15925,8.11E-01
0.1595,-3.16E-01
0.15975,9.33E-01
0.16,4.41E-02
0.16025,-3.80E-01
0.1605,2.23E-01
0.16075,1.95E-01
0.161,8.51E-01
0.16125,-4.97E-01
0.1615,-8.09E-02
0.16175,5.49E-01
0.162,9.63E-03
0.16225,-2.15E-01
0.1625,9.05E-02
0.16275,-4.28E-01
0.163,-5.70E-01
0.16325,-6.76E-03
0.1635,7.85E-01
0.16375,-7.12E-01
0.164,-9.61E-01
0.16425,-1.54E-01
0.1645,1.40E+00
0.16475,3.96E-01
0.165,1.59E-01
0.16525,-1.74E-01
0.1655,1.00E+00
0.16575,8.21E-01
0.166,9.62E-01
0.16625,7.28E-01
0.1665,7.77E-01
0.16675,1.28E-01
0.167,1.07E+00
0.16725,-4.89E-03
0.1675,7.14E-01
0.16775,5.03E-01
0.168,-1.70E-02
0.16825,-8.93E-01
0.1685,4.39E-01
0.16875,-2.40E-01
0.169,4.51E-01
0.16925,5.16E-01
0.1695,-6.54E-01
0.16975,2.26E-01
0.17,5.93E-01
0.17025,-5.72E-01
0.1705,-3.24E-01
0.17075,-2.77E-01
0.171,-3.71E-01
0.17125,-3.10E-01
0.1715,-1.35E-01
0.17175,-2.27E-01
0.172,-1.75E-01
0.17225,2.30E-01
0.1725,7.91E-01
0.17275,5.34E-01
0.173,-9.92E-03
0.17325,-3.39E-01
0.1735,-6.58E-02
0.17375,-6.16E-03
0.174,9.24E-01
0.17425,6.78E-02
0.1745,-3.53E-01
0.17475,1.17E-01
0.175,2.48E-01
0.17525,-9.83E-01
0.1755,-4.73E-01
0.17575,-6.47E-01
0.176,-7.53E-01
0.17625,-4.34E-01
0.1765,1.85E-01
0.17675,1.03E+00
0.177,2.88E-01
0.17725,-7.83E-02
0.1775,-2.28E-01
0.17775,-7.35E-02
0.178,-4.46E-01
0.17825,7.02E-01
0.1785,2.01E-01
0.17875,7.64E-01
0.179,-3.51E-01
0.17925,7.87E-01
0.1795,-8.72E-02
0.17975,2.94E-01
0.18,4.47E-01
0.18025,1.54E-01
0.1805,3.61E-01
0.18075,-2.99E-01
0.181,3.89E-01
0.18125,8.45E-01
0.1815,-5.71E-01
0.18175,-1.72E-01
0.182,8.61E-01
0.18225,-3.33E-01
0.1825,4.58E-02
0.18275,-1.35E-01
0.183,-6.71E-01
0.18325,9.64E-01
0.1835,-5.51E-01
0.18375,-8.34E-01
0.184,2.50E-01
0.18425,-5.97E-02
0.1845,-5.27E-01
0.18475,5.63E-01
0.185,1.84E-01
0.18525,-2.05E-01
0.1855,-8.46E-01
0.18575,7.69E-01
0.186,2.88E-01
0.18625,-6.95E-01
0.1865,-1.63E-01
0.18675,8.80E-01
0.187,4.19E-01
0.18725,-7.61E-01
0.1875,3.62E-01
0.18775,-5.50E-01
0.188,3.54E-01
0.18825,1.78E-02
0.1885,-2.28E-01
0.18875,-3.58E-01
0.189,-5.96E-01
0.18925,5.42E-01
0.1895,1.01E+00
0.18975,-1.35E-01
0.19,6.36E-01
0.19025,5.08E-01
0.1905,6.82E-01
0.19075,6.34E-01
0.191,4.17E-01
0.19125,-5.70E-03
0.1915,-7.11E-01
0.19175,-2.43E-01
0.192,8.43E-01
0.19225,7.33E-01
0.1925,-5.15E-01
0.19275,-5.44E-01
0.193,8.94E-01
0.19325,7.16E-01
0.1935,-1.97E-01
0.19375,6.16E-01
0.194,-1.68E-01
0.19425,7.55E-01
0.1945,-5.23E-01
0.19475,-5.46E-01
0.195,-9.42E-01
0.19525,-4.66E-01
0.1955,-5.25E-01
0.19575,1.98E-01
0.196,5.70E-01
0.19625,-2.62E-01
0.1965,1.95E-01
0.19675,6.26E-02
0.197,2.38E-01
0.19725,-3.44E-01
0.1975,-7.87E-01
0.19775,6.72E-01
0.198,-3.80E-01
0.19825,9.28E-02
0.1985,6.06E-01
0.19875,-8.08E-02
0.199,-1.27E-01
0.19925,-1.14E-01
0.1995,6.16E-01
0.19975,8.92E-01
0.2,6.65E-01
0.20025,4.05E-02
0.2005,1.49E-01
0.20075,-5.22E-01
0.201,4.36E-01
0.20125,-5.40E-01
0.2015,1.25E-01
0.20175,9.04E-02
0.202,1.39E-01
0.20225,9.37E-02
0.2025,8.80E-02
0.20275,1.15E-01
0.203,4.38E-02
0.20325,7.54E-02
0.2035,1.35E-01
0.20375,6.23E-02
0.204,5.74E-02
0.20425,6.63E-02
0.2045,7.84E-02
0.20475,7.46E-02
0.205,1.04E-01
0.20525,3.52E-02
0.2055,7.93E-02
0.20575,1.77E-02
0.206,7.67E-02
0.20625,1.28E-01
0.2065,5.55E-02
0.20675,6.32E-02
0.207,5.04E-02
0.20725,6.59E-02
0.2075,8.16E-02
0.20775,4.72E-02
0.208,9.15E-02
0.20825,1.23E-01
0.2085,7.32E-02
0.20875,8.53E-02
0.209,9.48E-02
0.20925,3.18E-02
0.2095,6.89E-02
0.20975,4.75E-02
0.21,5.94E-02
0.21025,4.26E-02
0.2105,8.84E-02
0.21075,1.06E-01
0.211,8.75E-02
0.21125,7.02E-02
0.2115,5.93E-02
0.21175,8.87E-02
0.212,7.02E-02
0.21225,7.22E-02
0.2125,5.50E-02
0.21275,4.92E-02
0.213,3.00E-02
0.21325,4.31E-02
0.2135,1.41E-01
0.21375,2.82E-02
0.214,1.24E-01
0.21425,7.34E-02
0.2145,8.33E-02
0.21475,5.33E-02
0.215,1.16E-01
0.21525,1.21E-01
0.2155,1.12E-01
0.21575,9.15E-02
0.216,9.39E-02
0.21625,3.72E-02
0.2165,5.16E-02
0.21675,9.36E-02
0.217,1.17E-01
0.21725,5.12E-02
0.2175,5.49E-02
0.21775,8.31E-02
0.218,7.68E-02
0.21825,1.13E-01
0.2185,6.80E-02
0.21875,7.80E-02
0.219,5.51E-02
0.21925,6.30E-02
0.2195,5.63E-02
0.21975,6.43E-02
0.22,2.41E-02
0.22025,5.19E-02
0.2205,2.08E-02
0.22075,1.01E-01
0.221,4.19E-02
0.22125,9.22E-02
0.2215,7.57E-02
0.22175,7.05E-02
0.222,6.41E-02
0.22225,6.61E-02
0.2225,1.07E-01
0.22275,5.87E-02
0.223,4.23E-02
0.22325,8.64E-02
0.2235,9.06E-02
0.22375,7.36E-02
0.224,5.88E-02
0.22425,8.90E-02
0.2245,6.55E-02
0.22475,8.51E-02
0.225,5.48E-02
0.22525,7.69E-02
0.2255,3.76E-02
0.22575,8.03E-02
0.226,8.87E-02
0.22625,4.81E-02
0.2265,1.03E-01
0.22675,6.35E-02
0.227,1.18E-01
0.22725,8.55E-02
0.2275,7.66E-02
0.22775,1.07E-01
0.228,1.06E-01
0.22825,6.30E-02
0.2285,9.20E-02
0.22875,8.62E-02
0.229,2.95E-02
0.22925,1.31E-01
0.2295,4.67E-02
0.22975,8.07E-02
0.23,4.84E-02
0.23025,3.87E-02
0.2305,1.06E-01
0.23075,5.48E-02
0.231,8.00E-02
0.23125,6.70E-02
0.2315,3.47E-02
0.23175,1.27E-01
0.232,8.00E-02
0.23225,8.97E-02
0.2325,1.15E-01
0.23275,1.08E-01
0.233,9.27E-02
0.23325,6.03E-02
0.2335,6.91E-02
0.23375,8.29E-02
0.234,6.00E-02
0.23425,1.08E-01
0.2345,4.03E-02
0.23475,5.57E-02
0.235,1.08E-01
0.23525,8.94E-02
0.2355,1.14E-01
0.23575,1.06E-01
0.236,3.53E-02
0.23625,4.22E-02
0.2365,9.51E-02
0.23675,9.06E-02
0.237,8.03E-02
0.23725,6.84E-02
0.2375,9.38E-02
0.23775,6.76E-02
0.238,7.86E-01
0.23825,7.19E-02
0.2385,-3.75E-01
0.23875,-3.99E-01
0.239,1.71E-01
0.23925,4.94E-01
0.2395,-3.28E-01
0.23975,3.36E-01
0.24,1.05E+00
0.24025,-6.28E-01
0.2405,2.82E-01
0.24075,8.04E-01
0.241,-6.09E-01
0.24125,3.09E-01
0.2415,-1.29E-01
0.24175,-6.00E-01
0.242,-4.09E-01
0.24225,-5.94E-01
0.2425,-4.13E-01
0.24275,-4.63E-01
0.243,-7.88E-01
0.24325,2.57E-01
0.2435,8.34E-01
0.24375,-1.07E-01
0.244,5.65E-01
0.24425,2.98E-01
0.2445,7.87E-01
0.24475,4.47E-01
0.245,-5.25E-01
0.24525,-6.47E-01
0.2455,8.43E-01
0.24575,-5.05E-02
0.246,-5.66E-01
0.24625,-9.45E-01
0.2465,1.00E+00
0.24675,1.38E-02
0.247,1.96E-01
0.24725,-1.61E-01
0.2475,-4.70E-01
0.24775,-7.88E-01
0.248,6.32E-03
0.24825,-2.13E-01
0.2485,5.67E-01
0.24875,3.86E-01
0.249,-1.82E-01
0.24925,5.59E-01
0.2495,-7.23E-01
0.24975,9.70E-01
0.25,6.21E-02
0.25025,2.01E-04
0.2505,8.34E-01
0.25075,-7.16E-01
0.251,9.74E-01
0.25125,7.26E-01
0.2515,5.18E-01
0.25175,-9.45E-02
0.252,5.46E-01
0.25225,-4.89E-01
0.2525,-5.29E-01
0.25275,1.07E+00
0.253,7.19E-01
0.25325,6.10E-01
0.2535,7.88E-01
0.25375,3.99E-01
0.254,5.33E-01
0.25425,1.06E-01
0.2545,4.57E-01
0.25475,3.01E-02
0.255,4.74E-02
0.25525,-7.63E-03
0.2555,2.83E-01
0.25575,-8.47E-01
0.256,-8.53E-01
0.25625,-2.25E-01
0.2565,-2.34E-01
0.25675,-1.02E+00
0.257,-4.75E-01
0.25725,-3.14E-01
0.2575,-1.31E-01
0.25775,4.43E-01
0.258,6.11E-01
0.25825,-1.19E-01
0.2585,2.12E-01
0.25875,6.82E-01
0.259,-4.25E-01
0.25925,-5.87E-01
0.2595,-5.91E-01
0.25975,-9.05E-01
0.26,4.36E-01
0.26025,-5.44E-01
0.2605,9.42E-01
0.26075,-7.49E-01
0.261,-7.03E-02
0.26125,-9.17E-01
0.2615,5.52E-01
0.26175,-6.25E-02
0.262,5.81E-01
0.26225,7.35E-01
0.2625,1.29E-01
0.26275,5.14E-01
0.263,-3.96E-01
0.26325,-7.66E-01
0.2635,-4.38E-01
0.26375,5.04E-01
0.264,1.05E+00
0.26425,6.05E-02
0.2645,2.41E-02
0.26475,-4.01E-01
0.265,-5.02E-01
0.26525,2.60E-01
0.2655,1.14E+00
0.26575,-2.86E-01
0.266,-4.86E-01
0.26625,6.20E-01
0.2665,-5.75E-01
0.26675,1.03E+00
0.267,-6.21E-01
0.26725,-1.89E-01
0.2675,1.76E-01
0.26775,-6.62E-01
0.268,3.25E-01
0.26825,6.17E-01
0.2685,-3.02E-01
0.26875,5.26E-01
0.269,5.77E-02
0.26925,-4.08E-01
0.2695,9.95E-02
0.26975,1.12E+00
0.27,1.78E-01
0.27025,5.37E-01
0.2705,-4.14E-01
0.27075,1.49E-01
0.271,3.76E-01
0.27125,-6.57E-01
0.2715,-6.29E-01
0.27175,1.17E+00
0.272,-8.45E-01
0.27225,-6.34E-01
0.2725,5.76E-01
0.27275,-5.06E-02
0.273,-6.82E-01
0.27325,1.25E+00
0.2735,-1.79E-01
0.27375,7.50E-01
0.274,-9.21E-02
0.27425,8.92E-01
0.2745,-3.12E-01
0.27475,1.03E+00
0.275,-6.87E-01
0.27525,1.73E-01
0.2755,-2.40E-01
0.27575,3.20E-01
0.276,1.55E-01
0.27625,-7.30E-02
0.2765,-7.55E-01
0.27675,4.10E-02
0.277,-1.07E+00
0.27725,-6.89E-01
0.2775,-2.96E-01
0.27775,9.02E-01
0.278,1.91E-01
0.27825,6.30E-01
0.2785,4.37E-01
0.27875,8.55E-01
0.279,7.88E-01
0.27925,8.44E-01
0.2795,-4.82E-01
0.27975,6.19E-01
0.28,-5.01E-01
0.28025,-4.81E-01
0.2805,-6.98E-01
0.28075,2.88E-01
0.281,5.01E-01
0.28125,-9.21E-01
0.2815,1.58E-02
0.28175,-9.07E-01
0.282,-1.00E-01
0.28225,3.49E-01
0.2825,-2.78E-01
0.28275,1.02E+00
0.283,7.63E-01
0.28325,-5.09E-01
0.2835,-9.84E-02
0.28375,7.95E-01
0.284,9.29E-01
0.28425,-1.53E-01
0.2845,-3.09E-01
0.28475,-4.38E-01
0.285,9.30E-01
0.28525,-1.72E-01
0.2855,3.37E-01
0.28575,5.90E-01
0.286,-2.17E-01
0.28625,-2.60E-01
0.2865,-7.29E-01
0.28675,-6.12E-01
0.287,-3.12E-01
0.28725,6.61E-02
0.2875,-2.49E-01
0.28775,-6.12E-01
0.288,6.69E-01
0.28825,-5.21E-01
0.2885,1.01E+00
0.28875,3.51E-01
0.289,-1.70E-01
0.28925,1.12E+00
0.2895,-1.05E-01
0.28975,-2.73E-01
0.29,4.57E-01
0.29025,-8.34E-01
0.2905,3.57E-01
0.29075,5.00E-01
0.291,-2.95E-02
0.29125,-2.04E-01
0.2915,2.26E-01
0.29175,8.29E-01
0.292,3.87E-01
0.29225,5.14E-02
0.2925,4.49E-01
0.29275,-8.31E-01
0.293,-2.67E-01
0.29325,2.29E-01
0.2935,-2.26E-01
0.29375,-6.35E-02
0.294,-4.79E-01
0.29425,6.67E-01
0.2945,4.08E-01
0.29475,9.27E-01
0.295,6.32E-01
0.29525,-1.37E-01
0.2955,-3.05E-01
0.29575,-5.01E-02
0.296,-2.80E-01
0.29625,4.59E-01
0.2965,5.45E-01
0.29675,-3.37E-01
0.297,-5.03E-01
0.29725,8.89E-01
0.2975,-2.39E-01
0.29775,-1.76E-01
0.298,-9.94E-01
0.29825,7.00E-01
0.2985,2.90E-02
0.29875,4.91E-01
0.299,5.17E-01
0.29925,6.07E-01
0.2995,7.49E-01
0.29975,2.32E-01
0.3,-5.31E-01
0.30025,-7.39E-01
0.3005,9.51E-01
0.30075,6.92E-01
0.301,-8.73E-01
0.30125,-5.34E-01
0.3015,-6.66E-01
0.30175,-3.97E-01
0.302,1.06E-01
0.30225,1.10E-01
0.3025,5.77E-02
0.30275,3.87E-02
0.303,6.80E-02
0.30325,5.22E-02
0.3035,1.03E-01
0.30375,1.09E-01
0.304,4.89E-02
0.30425,4.79E-02
0.3045,7.34E-02
0.30475,1.11E-01
0.305,5.52E-02
0.30525,6.81E-02
0.3055,1.02E-01
0.30575,7.43E-02
0.306,1.13E-01
0.30625,4.55E-02
0.3065,6.62E-02
0.30675,9.56E-02
0.307,9.69E-02
0.30725,6.96E-02
0.3075,2.11E-02
0.30775,3.06E-02
0.308,3.21E-02
0.30825,4.42E-02
0.3085,7.17E-02
0.30875,5.90E-02
0.309,8.01E-02
0.30925,8.56E-02
0.3095,6.20E-02
0.30975,8.06E-02
0.31,8.68E-02
0.31025,1.03E-01
0.3105,6.22E-02
0.31075,1.02E-01
0.311,8.15E-02
0.31125,4.38E-02
0.3115,8.16E-02
0.31175,6.30E-02
0.312,5.07E-02
0.31225,7.02E-02
0.3125,3.03E-02
0.31275,1.19E-01
0.313,6.03E-02
0.31325,6.22E-02
0.3135,1.12E-01
0.31375,7.73E-02
0.314,9.36E-02
0.31425,2.43E-02
0.3145,1.17E-01
0.31475,2.62E-02
0.315,3.85E-02
0.31525,5.31E-02
0.3155,8.80E-02
0.31575,8.47E-02
0.316,4.85E-02
0.31625,6.87E-02
0.3165,9.94E-02
0.31675,4.42E-02
0.317,8.06E-02
0.31725,4.18E-02
0.3175,1.20E-01
0.31775,8.33E-02
0.318,4.80E-02
0.31825,1.01E-01
0.3185,9.45E-02
0.31875,1.14E-01
0.319,2.65E-02
0.31925,1.00E-01
0.3195,1.09E-01
0.31975,6.99E-02
0.32,4.78E-02
0.32025,8.86E-02
0.3205,1.01E-01
0.32075,7.79E-02
0.321,8.15E-02
0.32125,7.99E-02
0.3215,1.04E-01
0.32175,4.95E-02
0.322,4.57E-02
0.32225,9.98E-02
0.3225,3.36E-02
0.32275,1.22E-01
0.323,9.89E-02
0.32325,3.86E-02
0.3235,6.27E-02
0.32375,8.50E-02
0.324,6.97E-02
0.32425,8.64E-02
0.3245,1.00E-01
0.32475,6.82E-02
0.325,1.14E-01
0.32525,7.54E-02
0.3255,5.19E-02
0.32575,1.17E-01
0.326,1.41E-01
0.32625,9.25E-02
0.3265,6.48E-02
0.32675,1.05E-01
0.327,8.20E-02
0.32725,9.93E-02
0.3275,9.20E-02
0.32775,4.32E-02
0.328,9.74E-02
0.32825,4.01E-02
0.3285,7.10E-02
0.32875,9.85E-02
0.329,1.23E-01
0.32925,8.37E-02
0.3295,5.87E-02
0.32975,4.68E-02
0.33,4.56E-02
0.33025,1.06E-01
0.3305,1.28E-01
0.33075,6.64E-02
0.331,7.04E-02
0.33125,7.96E-02
0.3315,6.72E-02
0.33175,3.42E-02
0.332,1.19E-01
0.33225,1.17E-01
0.3325,6.07E-02
0.33275,7.17E-02
0.333,3.26E-02
0.33325,7.65E-02
0.3335,3.95E-02
0.33375,1.09E-01
0.334,7.55E-02
0.33425,9.31E-02
0.3345,9.77E-02
0.33475,5.72E-02
0.335,5.71E-02
0.33525,5.86E-02
0.3355,8.55E-02
0.33575,3.71E-02
0.336,6.56E-02
0.33625,1.12E-01
0.3365,3.30E-02
0.33675,1.12E-01
0.337,9.37E-02
0.33725,7.37E-02
0.3375,8.47E-02
0.33775,8.89E-02
0.338,5.79E-02
0.33825,1.38E-01
0.3385,5.69E-01
0.33875,7.69E-01
0.339,-7.59E-01
0.33925,-2.76E-01
0.3395,2.26E-01
0.33975,-3.32E-01
0.34,-6.24E-01
0.34025,4.96E-01
0.3405,1.89E-01
0.34075,3.68E-01
0.341,-3.75E-01
0.34125,5.73E-01
0.3415,-1.14E-01
0.34175,-3.44E-01
0.342,5.06E-01
0.34225,2.06E-01
0.3425,3.84E-01
0.34275,3.90E-01
0.343,7.16E-02
0.34325,1.01E+00
0.3435,9.97E-01
0.34375,3.73E-01
0.344,-8.55E-01
0.34425,1.00E+00
0.3445,2.00E-01
0.34475,-1.21E-01
0.345,2.71E-01
0.34525,-3.96E-01
0.3455,-1.23E-01
0.34575,4.28E-02
0.346,-3.78E-01
0.34625,-7.33E-01
0.3465,3.12E-01
0.34675,6.96E-01
0.347,-5.30E-01
0.34725,2.69E-01
0.3475,4.60E-01
0.34775,5.99E-01
0.348,2.19E-01
0.34825,-1.45E-01
0.3485,-4.06E-01
0.34875,-9.03E-01
0.349,3.48E-01
0.34925,-1.20E-01
0.3495,-5.70E-01
0.34975,8.36E-01
0.35,-4.54E-01
0.35025,2.03E-01
0.3505,9.05E-01
0.35075,3.33E-01
0.351,1.16E+00
0.35125,2.29E-01
0.3515,4.26E-01
0.35175,-6.96E-03
0.352,-5.58E-01
0.35225,-5.63E-01
0.3525,1.89E-01
0.35275,-8.32E-01
0.353,-5.15E-01
0.35325,-7.16E-02
0.3535,-6.79E-01
0.35375,9.27E-02
0.354,5.83E-01
0.35425,4.08E-02
0.3545,-6.29E-01
0.35475,-6.23E-01
0.355,9.03E-01
0.35525,-9.42E-01
0.3555,2.18E-01
0.35575,-9.73E-01
0.356,7.93E-01
0.35625,1.71E-01
0.3565,1.00E+00
0.35675,9.30E-02
0.357,-5.31E-01
0.35725,9.25E-01
0.3575,-2.08E-01
0.35775,3.21E-01
0.358,-9.94E-02
0.35825,4.12E-01
0.3585,-8.36E-01
0.35875,-1.61E-01
0.359,-2.86E-01
0.35925,6.17E-01
0.3595,4.91E-01
0.35975,-3.61E-01
0.36,5.71E-01
0.36025,2.60E-01
0.3605,5.43E-01
0.36075,-4.04E-01
0.361,4.60E-01
0.36125,1.22E-01
0.3615,1.11E-01
0.36175,9.58E-01
0.362,-2.08E-01
0.36225,-3.58E-01
0.3625,5.19E-01
0.36275,-1.93E-01
0.363,-9.03E-01
0.36325,-7.77E-01
0.3635,1.10E+00
0.36375,7.87E-01
0.364,-1.66E-01
0.36425,-8.51E-02
0.3645,6.70E-01
0.36475,-8.17E-01
0.365,8.42E-02
0.36525,-8.25E-01
0.3655,-8.49E-01
0.36575,2.70E-01
0.366,9.62E-01
0.36625,1.39E-01
0.3665,1.11E+00
0.36675,2.23E-01
0.367,6.59E-01
0.36725,2.08E-01
0.3675,7.61E-01
0.36775,4.76E-01
0.368,3.87E-01
0.36825,2.13E-02
0.3685,-1.00E+00
0.36875,7.46E-01
0.369,1.02E-02
0.36925,-1.96E-01
0.3695,1.36E-01
0.36975,-3.13E-01
0.37,8.03E-01
0.37025,5.38E-01
0.3705,8.46E-01
0.37075,3.19E-01
0.371,-7.19E-01
0.37125,8.38E-01
0.3715,-3.25E-01
0.37175,-1.31E-01
0.372,-7.75E-01
0.37225,6.76E-01
0.3725,-4.12E-01
0.37275,-3.88E-01
0.373,-2.55E-01
0.37325,7.50E-01
0.3735,-3.06E-01
0.37375,1.21E-01
0.374,-2.67E-01
0.37425,-3.04E-01
0.3745,-1.84E-02
0.37475,5.22E-01
0.375,4.50E-01
0.37525,-4.31E-01
0.3755,-3.97E-02
0.37575,7.93E-01
0.376,5.79E-01
0.37625,-5.33E-01
0.3765,4.09E-01
0.37675,3.73E-01
0.377,-5.00E-01
0.37725,8.25E-02
0.3775,-2.80E-01
0.37775,-5.66E-01
0.378,2.50E-01
0.37825,-1.89E-01
0.3785,-8.29E-01
0.37875,5.72E-01
0.379,-7.52E-01
0.37925,-4.64E-01
0.3795,3.21E-01
0.37975,-2.64E-01
0.38,1.02E+00
0.38025,-8.93E-01
0.3805,1.36E-01
0.38075,-7.45E-02
0.381,6.81E-02
0.38125,1.35E-02
0.3815,-6.83E-01
0.38175,-2.57E-01
0.382,-5.62E-01
0.38225,2.52E-01
0.3825,-1.08E+00
0.38275,1.00E-01
0.383,9.23E-01
0.38325,5.36E-01
0.3835,9.45E-01
0.38375,-1.53E-01
0.384,4.71E-01
0.38425,-2.40E-01
0.3845,-3.48E-01
0.38475,-4.94E-01
0.385,-7.34E-01
0.38525,5.62E-01
0.3855,2.61E-01
0.38575,4.57E-01
0.386,-9.90E-01
0.38625,-1.93E-01
0.3865,7.89E-01
0.38675,-5.41E-01
0.387,7.78E-01
0.38725,-3.39E-01
0.3875,1.27E-01
0.38775,8.54E-01
0.388,6.62E-01
0.38825,7.22E-01
0.3885,-4.67E-01
0.38875,3.83E-01
0.389,-7.23E-01
0.38925,-8.59E-01
0.3895,-5.89E-01
0.38975,7.32E-01
0.39,2.27E-01
0.39025,1.41E-01
0.3905,-1.69E-01
0.39075,9.06E-01
0.391,2.44E-01
0.39125,-5.50E-01
0.3915,-5.87E-01
0.39175,-1.52E-01
0.392,-6.91E-01
0.39225,-8.62E-01
0.3925,1.93E-01
0.39275,-5.85E-01
0.393,8.79E-01
0.39325,1.36E-01
0.3935,5.35E-01
0.39375,-5.63E-01
0.394,3.79E-02
0.39425,-3.03E-01
0.3945,-5.18E-01
0.39475,7.48E-02
0.395,7.31E-01
0.39525,3.77E-01
0.3955,3.86E-01
0.39575,-3.26E-01
0.396,4.63E-01
0.39625,-2.80E-03
0.3965,-1.88E-01
0.39675,-5.57E-01
0.397,-9.72E-02
0.39725,7.19E-01
0.3975,-4.00E-01
0.39775,4.06E-01
0.398,-2.95E-01
0.39825,7.30E-02
0.3985,-3.03E-01
0.39875,-5.58E-01
0.399,5.84E-01
0.39925,-4.97E-01
0.3995,-1.71E-01
0.39975,-8.71E-01
0.4,-8.36E-01
0.40025,-2.26E-01
0.4005,9.12E-01
0.40075,-2.89E-01
0.401,-5.11E-01
0.40125,2.95E-02
0.4015,7.76E-02
0.40175,4.09E-01
0.402,-7.44E-01
0.40225,-3.55E-02
0.4025,1.06E-01
0.40275,6.54E-02
0.403,4.98E-02
0.40325,1.11E-01
0.4035,6.56E-02
0.40375,2.98E-02
0.404,7.26E-02
0.40425,5.79E-02
0.4045,1.15E-01
0.40475,4.41E-02
0.405,3.12E-02
0.40525,1.16E-01
0.4055,9.45E-02
0.40575,1.20E-01
0.406,1.02E-01
0.40625,1.24E-01
0.4065,5.20E-02
0.40675,6.14E-02
0.407,5.84E-02
0.40725,7.53E-02
0.4075,7.30E-02
0.40775,1.22E-01
0.408,8.43E-02
0.40825,7.19E-02
0.4085,7.61E-02
0.40875,1.21E-01
0.409,8.44E-02
0.40925,5.38E-02
0.4095,1.21E-01
0.40975,1.33E-01
0.41,9.44E-02
0.41025,4.75E-02
0.4105,7.36E-02
0.41075,4.06E-02
0.411,1.14E-01
0.41125,6.59E-02
0.4115,2.64E-02
0.41175,5.00E-02
0.412,1.37E-01
0.41225,5.21E-02
0.4125,6.41E-02
0.41275,9.89E-02
0.413,1.00E-01
0.41325,8.30E-02
0.4135,6.80E-02
0.41375,1.17E-01
0.414,6.93E-02
0.41425,3.10E-02
0.4145,5.22E-02
0.41475,7.07E-02
0.415,3.46E-02
0.41525,1.10E-01
0.4155,4.47E-02
0.41575,8.87E-02
0.416,1.39E-01
0.41625,8.11E-02
0.4165,2.98E-02
0.41675,1.21E-01
0.417,1.14E-01
0.41725,1.05E-01
0.4175,9.71E-02
0.41775,8.35E-02
0.418,1.21E-01
0.41825,2.08E-02
0.4185,7.32E-02
0.41875,1.20E-01
0.419,1.14E-01
0.41925,7.21E-02
0.4195,5.64E-02
0.41975,9.67E-02
0.42,1.32E-01
0.42025,1.11E-01
0.4205,1.26E-01
0.42075,7.92E-02
0.421,1.19E-01
0.42125,6.01E-02
0.4215,1.16E-01
0.42175,1.02E-01
0.422,1.17E-01
0.42225,1.12E-01
0.4225,7.57E-02
0.42275,1.27E-01
0.423,7.02E-02
0.42325,1.05E-01
0.4235,1.32E-02
0.42375,4.87E-02
0.424,3.92E-02
0.42425,7.72E-02
0.4245,8.12E-02
0.42475,5.93E-02
0.425,7.71E-02
0.42525,9.82E-02
0.4255,7.14E-02
0.42575,8.06E-02
0.426,5.94E-02
0.42625,7.88E-02
0.4265,8.33E-02
0.42675,8.23E-02
0.427,5.12E-02
0.42725,7.03E-02
0.4275,4.14E-02
0.42775,3.57E-02
0.428,7.66E-02
0.42825,4.88E-02
0.4285,8.69E-02
0.42875,1.07E-01
0.429,9.11E-02
0.42925,5.76E-02
0.4295,7.35E-02
0.42975,5.66E-02
0.43,1.32E-01
0.43025,9.56E-02
0.4305,5.66E-02
0.43075,5.03E-02
0.431,8.63E-02
0.43125,8.67E-02
0.4315,5.12E-02
0.43175,7.24E-02
0.432,3.47E-02
0.43225,1.03E-01
0.4325,1.14E-01
0.43275,3.39E-02
0.433,7.77E-02
0.43325,1.36E-01
0.4335,5.50E-02
0.43375,1.08E-01
0.434,6.00E-02
0.43425,1.18E-01
0.4345,7.91E-02
0.43475,1.11E-01
0.435,8.77E-02
0.43525,9.48E-02
0.4355,6.93E-02
0.43575,1.20E-01
0.436,2.93E-02
0.43625,1.04E-01
0.4365,7.33E-02
0.43675,6.63E-02
0.437,1.14E-01
0.43725,6.85E-02
0.4375,9.10E-02
0.43775,7.87E-02
0.438,7.46E-02
0.43825,5.65E-02
0.4385,1.03E-01
0.43875,4.88E-02
0.439,4.05E-01
0.43925,-5.35E-01
0.4395,2.69E-01
0.43975,3.65E-01
0.44,8.93E-01
0.44025,-7.96E-02
0.4405,4.42E-01
0.44075,3.81E-01
0.441,-9.85E-01
0.44125,1.30E+00
0.4415,5.98E-01
0.44175,1.77E-01
0.442,5.12E-01
0.44225,4.27E-01
0.4425,-8.46E-01
0.44275,1.07E+00
0.443,-4.08E-01
0.44325,8.78E-01
0.4435,1.85E-01
0.44375,3.29E-01
0.444,-1.71E-02
0.44425,6.44E-01
0.4445,-4.15E-01
0.44475,5.65E-01
0.445,-2.83E-01
0.44525,-4.21E-01
0.4455,1.96E-01
0.44575,1.11E+00
0.446,1.50E-01
0.44625,1.06E-01
0.4465,-6.90E-01
0.44675,3.31E-01
0.447,3.59E-01
0.44725,-7.69E-01
0.4475,3.76E-01
0.44775,-2.84E-01
0.448,-6.63E-01
0.44825,4.53E-01
0.4485,7.31E-01
0.44875,2.83E-02
0.449,6.25E-01
0.44925,-4.87E-01
0.4495,1.73E-01
0.44975,-3.49E-01
0.45,-1.82E-01
0.45025,2.72E-01
0.4505,-8.99E-02
0.45075,-6.51E-01
0.451,4.74E-01
0.45125,1.50E-01
0.4515,-8.74E-01
0.45175,7.92E-01
0.452,1.62E-01
0.45225,-2.22E-01
0.4525,3.78E-01
0.45275,3.45E-01
0.453,-4.74E-01
0.45325,6.59E-01
0.4535,3.48E-01
0.45375,3.10E-01
0.454,-4.28E-01
0.45425,-1.73E-01
0.4545,3.42E-01
0.45475,-7.57E-01
0.455,-6.00E-01
0.45525,-4.72E-01
0.4555,-1.34E-01
0.45575,-2.07E-01
0.456,3.68E-01
0.45625,3.73E-01
0.4565,2.76E-01
0.45675,-6.47E-01
0.457,-7.15E-03
0.45725,6.11E-01
0.4575,6.50E-01
0.45775,5.90E-01
0.458,-5.17E-01
0.45825,1.10E+00
0.4585,-7.83E-01
0.45875,6.64E-01
0.459,6.55E-01
0.45925,-6.17E-01
0.4595,8.19E-01
0.45975,1.22E+00
0.46,-1.25E-01
0.46025,2.03E-01
0.4605,6.75E-01
0.46075,-2.26E-01
0.461,1.46E-01
0.46125,7.40E-01
0.4615,-1.17E-01
0.46175,-4.53E-01
0.462,-8.63E-01
0.46225,-4.57E-01
0.4625,-3.04E-01
0.46275,-4.91E-01
0.463,-1.52E-01
0.46325,-1.84E-02
0.4635,3.48E-01
0.46375,-9.55E-01
0.464,1.69E-01
0.46425,8.37E-01
0.4645,-6.35E-01
0.46475,-4.41E-01
0.465,-8.64E-02
0.46525,-1.06E+00
0.4655,-7.61E-02
0.46575,-2.04E-01
0.466,2.72E-01
0.46625,-5.08E-01
0.4665,4.14E-01
0.46675,-7.69E-01
0.467,1.16E+00
0.46725,-3.38E-01
0.4675,-2.33E-01
0.46775,2.10E-01
0.468,9.48E-01
0.46825,-6.06E-01
0.4685,6.22E-01
0.46875,-3.22E-01
0.469,7.94E-01
0.46925,-1.52E-01
0.4695,-2.05E-01
0.46975,-6.39E-02
0.47,4.53E-01
0.47025,4.61E-01
0.4705,4.38E-01
0.47075,-3.34E-01
0.471,2.64E-01
0.47125,-1.60E-02
0.4715,6.20E-01
0.47175,-7.04E-01
0.472,1.54E-01
0.47225,7.51E-01
0.4725,6.84E-01
0.47275,4.70E-01
0.473,-4.84E-01
0.47325,-1.01E-04
0.4735,-7.24E-01
0.47375,-3.56E-01
0.474,5.76E-01
0.47425,-1.05E+00
0.4745,2.59E-01
0.47475,1.08E+00
0.475,-6.73E-01
0.47525,-4.83E-01
0.4755,3.93E-01
0.47575,-4.60E-02
0.476,7.56E-01
0.47625,8.01E-01
0.4765,-5.20E-01
0.47675,1.54E-02
0.477,-3.94E-03
0.47725,-1.01E-01
0.4775,9.29E-01
0.47775,9.09E-01
0.478,-2.20E-01
0.47825,-5.71E-01
0.4785,1.53E-02
0.47875,-1.04E-01
0.479,1.04E-01
0.47925,-1.49E-01
0.4795,4.58E-01
0.47975,4.73E-01
0.48,-2.98E-01
0.48025,5.63E-01
0.4805,-3.11E-01
0.48075,6.28E-01
0.481,6.00E-01
0.48125,1.95E-01
0.4815,7.61E-01
0.48175,4.44E-01
0.482,1.43E-01
0.48225,-6.89E-01
0.4825,-4.41E-01
0.48275,6.27E-01
0.483,1.89E-02
0.48325,-2.59E-01
0.4835,3.02E-01
0.48375,3.57E-01
0.484,7.14E-02
0.48425,-1.38E-01
0.4845,-1.98E-01
0.48475,-2.45E-01
0.485,8.95E-01
0.48525,-8.25E-02
0.4855,8.16E-01
0.48575,-8.54E-01
0.486,-6.88E-01
0.48625,1.46E-01
0.4865,4.59E-01
0.48675,-7.00E-01
0.487,-3.39E-01
0.48725,1.03E+00
0.4875,1.41E-01
0.48775,4.44E-01
0.488,7.58E-01
0.48825,-9.24E-01
0.4885,-1.95E-01
0.48875,-3.53E-01
0.489,3.74E-02
0.48925,3.59E-01
0.4895,-6.95E-01
0.48975,-2.19E-01
0.49,3.94E-01
0.49025,-4.76E-01
0.4905,3.25E-02
0.49075,8.03E-01
0.491,-5.13E-02
0.49125,7.01E-01
0.4915,-3.51E-01
0.49175,-4.45E-01
0.492,-8.69E-02
0.49225,-1.56E-01
0.4925,9.69E-03
0.49275,1.16E+00
0.493,-5.38E-01
0.49325,5.93E-01
0.4935,6.24E-01
0.49375,-7.65E-01
0.494,3.73E-01
0.49425,-2.95E-01
0.4945,-1.74E-01
0.49475,-6.34E-01
0.495,3.70E-01
0.49525,4.85E-01
0.4955,-7.83E-01
0.49575,3.67E-01
0.496,-8.10E-01
0.49625,-7.02E-01
0.4965,8.22E-01
0.49675,-5.96E-01
0.497,1.76E-02
0.49725,5.33E-01
0.4975,2.20E-01
0.49775,2.82E-01
0.498,4.99E-01
0.49825,-6.92E-02
0.4985,-1.46E-01
0.49875,5.90E-02
0.499,5.29E-01
0.49925,7.79E-01
0.4995,4.56E-01
0.49975,3.00E-01
0.5,1.25E-01
0.50025,-2.60E-02
0.5005,-5.79E-01
0.50075,-1.82E-01
0.501,-1.74E-01
0.50125,4.72E-01
0.5015,-5.11E-01
0.50175,-2.64E-01
0.502,-5.85E-01
0.50225,5.53E-01
0.5025,3.07E-01
0.50275,-8.03E-01
0.503,4.46E-02
0.50325,8.32E-02
0.5035,7.32E-02
0.50375,1.00E-01
0.504,6.08E-02
0.50425,4.36E-02
0.5045,6.12E-02
0.50475,5.97E-02
0.505,1.04E-01
0.50525,8.58E-02
0.5055,3.10E-02
0.50575,6.27E-02
0.506,1.03E-01
0.50625,1.03E-01
0.5065,1.14E-01
0.50675,3.78E-02
0.507,7.75E-02
0.50725,8.81E-02
0.5075,9.11E-02
0.50775,8.88E-02
0.508,9.46E-02
0.50825,1.11E-01
0.5085,7.60E-02
0.50875,1.34E-01
0.509,8.48E-02
0.50925,8.08E-02
0.5095,1.09E-01
0.50975,7.09E-02
0.51,1.08E-01
0.51025,4.12E-02
0.5105,4.23E-02
0.51075,6.52E-02
0.511,9.83E-02
0.51125,5.56E-02
0.5115,9.73E-02
0.51175,6.77E-02
0.512,4.83E-02
0.51225,1.20E-01
0.5125,9.04E-02
0.51275,8.85E-02
0.513,4.81E-02
0.51325,2.12E-02
0.5135,8.83E-02
0.51375,6.79E-02
0.514,4.79E-02
0.51425,1.11E-01
0.5145,1.08E-01
0.51475,5.63E-02
0.515,6.39E-02
0.51525,8.52E-02
0.5155,1.16E-01
0.51575,1.19E-01
0.516,4.83E-02
0.51625,8.26E-02
0.5165,4.95E-02
0.51675,1.32E-01
0.517,6.78E-02
0.51725,9.93E-02
0.5175,7.58E-02
0.51775,7.84E-02
0.518,8.72E-02
0.51825,9.26E-02
0.5185,9.97E-02
0.51875,7.47E-02
0.519,5.24E-02
0.51925,1.13E-01
0.5195,7.37E-02
0.51975,1.28E-01
0.52,7.65E-02
0.52025,1.08E-01
0.5205,1.30E-01
0.52075,2.93E-02
0.521,7.39E-02
0.52125,3.70E-02
0.5215,8.96E-02
0.52175,7.81E-02
0.522,4.22E-02
0.52225,1.29E-01
0.5225,1.18E-01
0.52275,1.23E-01
0.523,5.37E-02
0.52325,4.01E-02
0.5235,5.40E-02
0.52375,5.31E-02
0.524,1.07E-01
0.52425,6.02E-02
0.5245,4.14E-02
0.52475,5.34E-02
0.525,8.86E-02
0.52525,7.13E-02
0.5255,1.01E-01
0.52575,1.31E-01
0.526,3.93E-02
0.52625,7.76E-02
0.5265,6.82E-02
0.52675,9.30E-02
0.527,5.29E-02
0.52725,9.82E-02
0.5275,1.05E-01
0.52775,1.11E-01
0.528,9.17E-02
0.52825,4.23E-02
0.5285,1.02E-01
0.52875,1.12E-01
0.529,9.39E-02
0.52925,4.23E-02
0.5295,5.91E-02
0.52975,9.32E-02
0.53,9.04E-02
0.53025,1.44E-01
0.5305,1.05E-01
0.53075,6.15E-02
0.531,8.98E-02
0.53125,1.07E-01
0.5315,6.57E-02
0.53175,6.71E-02
0.532,4.93E-02
0.53225,8.93E-02
0.5325,1.07E-01
0.53275,7.86E-02
0.533,6.76E-02
0.53325,6.21E-02
0.5335,6.92E-02
0.53375,9.53E-02
0.534,7.66E-02
0.53425,5.00E-02
0.5345,9.61E-02
0.53475,8.29E-02
0.535,1.10E-01
0.53525,9.56E-02
0.5355,4.73E-02
0.53575,1.18E-01
0.536,5.42E-02
0.53625,6.45E-02
0.5365,8.01E-02
0.53675,5.94E-02
0.537,7.35E-02
0.53725,1.35E-01
0.5375,4.07E-02
0.53775,6.18E-02
0.538,1.01E-01
0.53825,5.48E-02
0.5385,5.16E-02
0.53875,9.12E-02
0.539,8.67E-02
0.53925,8.91E-02
0.5395,-5.96E-02
0.53975,5.36E-01
0.54,-3.32E-02
0.54025,4.50E-01
0.5405,-6.11E-01
0.54075,8.16E-01
0.541,5.23E-01
0.54125,-7.94E-01
0.5415,1.47E-01
0.54175,-2.44E-01
0.542,8.42E-01
0.54225,8.51E-02
0.5425,1.55E-01
0.54275,9.10E-02
0.543,2.07E-01
0.54325,7.95E-02
0.5435,-7.97E-02
0.54375,5.34E-02
0.544,2.07E-01
0.54425,9.73E-01
0.5445,-6.60E-02
0.54475,5.37E-01
0.545,6.75E-01
0.54525,-8.42E-01
0.5455,-9.79E-01
0.54575,-3.62E-01
0.546,2.65E-01
0.54625,-6.38E-01
0.5465,1.01E+00
0.54675,4.97E-01
0.547,-2.17E-02
0.54725,9.04E-01
0.5475,4.90E-01
0.54775,5.06E-01
0.548,-1.12E+00
0.54825,-1.25E-01
0.5485,-1.61E-01
0.54875,5.08E-02
0.549,1.52E-01
0.54925,9.31E-01
0.5495,-5.91E-01
0.54975,2.96E-01
0.55,-6.86E-01
0.55025,-6.69E-01
0.5505,-3.72E-01
0.55075,1.01E+00
0.551,4.38E-01
0.55125,1.04E+00
0.5515,1.68E-02
0.55175,5.16E-01
0.552,6.94E-01
0.55225,-3.10E-01
0.5525,3.92E-01
0.55275,6.09E-02
0.553,1.66E-01
0.55325,7.09E-02
0.5535,-7.78E-01
0.55375,-5.57E-01
0.554,6.09E-01
0.55425,2.97E-01
0.5545,3.27E-02
0.55475,-8.37E-01
0.555,-1.12E-02
0.55525,5.56E-01
0.5555,-2.13E-01
0.55575,1.82E-01
0.556,3.01E-02
0.55625,8.34E-01
0.5565,-2.00E-01
0.55675,-4.70E-01
0.557,6.62E-01
0.55725,-2.08E-01
0.5575,1.36E-01
0.55775,3.40E-01
0.558,3.88E-01
0.55825,-1.09E+00
0.5585,2.78E-01
0.55875,-3.50E-02
0.559,-7.12E-02
0.55925,1.05E+00
0.5595,1.02E+00
0.55975,-2.38E-01
0.56,-3.55E-01
0.56025,-7.39E-01
0.5605,-1.22E-01
0.56075,-6.32E-01
0.561,1.19E-01
0.56125,-2.78E-01
0.5615,2.43E-01
0.56175,-2.40E-01
0.562,7.77E-01
0.56225,-2.30E-01
0.5625,8.18E-02
0.56275,4.64E-01
0.563,-2.40E-01
0.56325,-1.94E-01
0.5635,4.74E-01
0.56375,1.03E-01
0.564,-8.54E-01
0.56425,4.83E-01
0.5645,-6.14E-01
0.56475,4.61E-01
0.565,-8.35E-03
0.56525,9.29E-01
0.5655,1.03E+00
0.56575,5.01E-01
0.566,-9.76E-01
0.56625,-2.43E-02
0.5665,6.25E-01
0.56675,7.98E-01
0.567,5.32E-01
0.56725,-7.37E-01
0.5675,5.66E-01
0.56775,-5.27E-01
0.568,-5.17E-01
0.56825,-6.36E-01
0.5685,-2.05E-01
0.56875,-2.37E-01
0.569,-1.97E-02
0.56925,-1.90E-01
0.5695,2.64E-01
0.56975,-2.84E-01
0.57,-1.69E-01
0.57025,6.60E-01
0.5705,5.11E-01
0.57075,2.84E-01
0.571,3.37E-01
0.57125,6.91E-02
0.5715,3.13E-01
0.57175,-9.27E-02
0.572,-4.75E-01
0.57225,1.07E+00
0.5725,8.05E-01
0.57275,6.03E-01
0.573,1.28E-02
0.57325,-7.61E-01
0.5735,-6.48E-01
0.57375,-6.94E-01
0.574,7.75E-02
0.57425,7.73E-01
0.5745,-7.94E-01
0.57475,-3.81E-01
0.575,8.64E-01
0.57525,-2.44E-01
0.5755,-6.24E-01
0.57575,5.83E-01
0.576,1.01E+00
0.57625,4.32E-01
0.5765,1.00E+00
0.57675,5.71E-01
0.577,-3.31E-01
0.57725,-1.69E-01
0.5775,6.82E-01
0.57775,4.79E-01
0.578,-4.18E-01
0.57825,4.65E-01
0.5785,-5.22E-02
0.57875,-4.30E-01
0.579,-3.75E-01
0.57925,6.45E-01
0.5795,3.23E-01
0.57975,-5.09E-01
0.58,-6.18E-01
0.58025,7.19E-01
0.5805,5.31E-01
0.58075,2.21E-01
0.581,2.93E-01
0.58125,-5.04E-01
0.5815,3.89E-01
0.58175,-4.30E-01
0.582,2.06E-01
0.58225,-4.36E-01
0.5825,1.08E-01
0.58275,-4.51E-01
0.583,-6.91E-01
0.58325,-8.04E-01
0.5835,7.05E-01
0.58375,-4.95E-01
0.584,-2.99E-01
0.58425,-2.25E-01
0.5845,-4.50E-01
0.58475,-3.14E-01
0.585,5.00E-01
0.58525,-2.90E-02
0.5855,-7.22E-01
0.58575,3.12E-01
0.586,-6.64E-01
0.58625,5.30E-01
0.5865,4.68E-01
0.58675,-8.49E-01
0.587,6.31E-01
0.58725,4.37E-01
0.5875,-3.95E-01
0.58775,1.08E+00
0.588,-5.60E-02
0.58825,1.12E+00
0.5885,2.07E-01
0.58875,8.63E-01
0.589,4.59E-01
0.58925,-5.95E-01
0.5895,-9.66E-02
0.58975,7.98E-01
0.59,-1.73E-01
0.59025,1.10E+00
0.5905,1.39E-01
0.59075,-4.31E-01
0.591,-5.05E-01
0.59125,1.95E-01
0.5915,5.14E-01
0.59175,-6.19E-01
0.592,7.67E-01
0.59225,-4.94E-01
0.5925,-3.32E-01
0.59275,5.84E-01
0.593,7.23E-01
0.59325,1.48E-01
0.5935,-4.00E-02
0.59375,3.29E-01
0.594,1.10E+00
0.59425,5.12E-01
0.5945,2.86E-01
0.59475,-9.55E-02
0.595,-4.12E-01
0.59525,-5.22E-01
0.5955,-5.01E-01
0.59575,9.65E-02
0.596,4.69E-01
0.59625,5.04E-01
0.5965,4.93E-01
0.59675,-1.11E-01
0.597,1.02E+00
0.59725,-6.46E-01
0.5975,-2.52E-02
0.59775,-2.37E-01
0.598,1.89E-01
0.59825,-3.03E-01
0.5985,1.40E-01
0.59875,7.19E-01
0.599,2.90E-01
0.59925,8.89E-01
0.5995,-5.53E-01
0.59975,-5.42E-01
0.6,-2.56E-01
0.60025,7.90E-01
0.6005,5.50E-01
0.60075,-3.31E-01
0.601,6.68E-01
0.60125,3.34E-01
0.6015,1.06E+00
0.60175,9.92E-01
0.602,-1.04E+00
0.60225,1.39E-01
0.6025,-6.08E-01
0.60275,4.07E-01
0.603,2.07E-02
0.60325,1.59E-01
0.6035,-1.65E-01
0.60375,1.30E-01
0.604,5.41E-02
0.60425,2.59E-02
0.6045,3.40E-02
0.60475,3.76E-02
0.605,5.77E-02
0.60525,5.67E-02
0.6055,1.10E-01
0.60575,4.79E-02
0.606,1.25E-01
0.60625,6.47E-02
0.6065,7.60E-02
0.60675,1.37E-01
0.607,5.41E-02
0.60725,1.10E-01
0.6075,3.44E-02
0.60775,6.25E-02
0.608,7.78E-02
0.60825,5.24E-02
0.6085,8.06E-02
0.60875,6.11E-02
0.609,5.38E-02
0.60925,4.55E-02
0.6095,6.75E-02
0.60975,7.38E-02
0.61,4.27E-02
0.61025,1.16E-01
0.6105,7.34E-02
0.61075,9.10E-02
0.611,8.69E-02
0.61125,3.29E-02
0.6115,9.90E-02
0.61175,1.18E-01
0.612,8.25E-02
0.61225,1.03E-01
0.6125,1.04E-01
0.61275,5.40E-02
0.613,6.36E-02
0.61325,3.73E-02
0.6135,6.61E-02
0.61375,5.88E-02
0.614,9.36E-02
0.61425,4.78E-02
0.6145,3.27E-02
0.61475,8.80E-02
0.615,1.14E-01
0.61525,9.87E-02
0.6155,3.55E-02
0.61575,1.34E-01
0.616,4.64E-02
0.61625,5.44E-02
0.6165,4.98E-02
0.61675,8.12E-02
0.617,5.17E-02
0.61725,8.26E-02
0.6175,8.60E-02
0.61775,7.12E-02
0.618,5.34E-02
0.61825,1.15E-01
0.6185,8.21E-02
0.61875,6.13E-02
0.619,1.00E-01
0.61925,6.85E-02
0.6195,1.25E-01
0.61975,8.17E-02
0.62,1.08E-01
0.62025,5.91E-02
0.6205,7.98E-02
0.62075,7.95E-02
0.621,1.07E-01
0.62125,1.04E-01
0.6215,7.54E-02
0.62175,1.16E-01
0.622,9.58E-02
0.62225,6.47E-02
0.6225,1.18E-01
0.62275,7.75E-02
0.623,7.67E-02
0.62325,9.35E-02
0.6235,6.60E-02
0.62375,1.21E-01
0.624,1.02E-01
0.62425,8.55E-02
0.6245,6.74E-02
0.62475,7.02E-02
0.625,7.74E-02
0.62525,7.12E-02
0.6255,8.95E-02
0.62575,8.81E-02
0.626,1.18E-01
0.62625,8.14E-02
0.6265,1.25E-01
0.62675,3.44E-02
0.627,6.19E-02
0.62725,1.08E-01
0.6275,5.37E-02
0.62775,1.17E-01
0.628,1.05E-01
0.62825,6.37E-02
0.6285,8.72E-02
0.62875,1.19E-01
0.629,8.53E-02
0.62925,1.04E-01
0.6295,3.16E-02
0.62975,1.07E-01
0.63,1.05E-01
0.63025,6.61E-02
0.6305,7.94E-02
0.63075,7.85E-02
0.631,5.25E-02
0.63125,7.10E-02
0.6315,1.13E-01
0.63175,3.86E-02
0.632,7.76E-02
0.63225,4.93E-02
0.6325,9.91E-02
0.63275,1.13E-01
0.633,1.25E-01
0.63325,5.70E-02
0.6335,9.29E-02
0.63375,9.32E-02
0.634,4.42E-02
0.63425,1.15E-01
0.6345,7.23E-02
0.63475,6.83E-02
0.635,2.80E-02
0.63525,1.05E-01
0.6355,5.53E-02
0.63575,1.15E-01
0.636,4.87E-02
0.63625,1.22E-01
0.6365,2.96E-02
0.63675,5.48E-02
0.637,7.41E-02
0.63725,5.01E-02
0.6375,1.19E-01
0.63775,1.21E-01
0.638,9.56E-02
0.63825,8.80E-02
0.6385,8.47E-02
0.63875,1.01E-01
0.639,8.54E-02
0.63925,1.04E-01
0.6395,5.01E-02
0.63975,7.71E-02
0.64,1.04E-01
