0.00025,1.13E+00
0.0005,1.06E+00
0.00075,8.75E-01
0.001,6.21E-01
0.00125,3.44E-01
0.0015,9.24E-02
0.00175,-1.10E-01
0.002,-2.49E-01
0.00225,-3.23E-01
0.0025,-3.40E-01
0.00275,-3.14E-01
0.003,-2.63E-01
0.00325,-2.04E-01
0.0035,-1.50E-01
0.00375,-1.07E-01
0.004,-7.69E-02
0.00425,-5.71E-02
0.0045,-4.37E-02
0.00475,-3.43E-02
0.005,-2.68E-02
0.00525,-1.96E-02
0.0055,-1.17E-02
0.00575,-2.58E-03
0.006,7.96E-03
0.00625,1.95E-02
0.0065,3.22E-02
0.00675,4.62E-02
0.007,6.15E-02
0.00725,7.81E-02
0.0075,9.60E-02
0.00775,1.15E-01
0.008,1.35E-01
0.00825,1.57E-01
0.0085,1.79E-01
0.00875,2.01E-01
0.009,2.24E-01
0.00925,2.48E-01
0.0095,2.71E-01
0.00975,2.93E-01
0.01,3.15E-01
0.01025,3.36E-01
0.0105,3.55E-01
0.01075,3.72E-01
0.011,3.87E-01
0.01125,4.00E-01
0.0115,4.10E-01
0.01175,4.18E-01
0.012,4.22E-01
0.01225,4.24E-01
0.0125,4.22E-01
0.01275,4.16E-01
0.013,4.08E-01
0.01325,3.96E-01
0.0135,3.83E-01
0.01375,3.67E-01
0.014,3.49E-01
0.01425,3.30E-01
0.0145,3.09E-01
0.01475,2.87E-01
0.015,2.65E-01
0.01525,2.42E-01
0.0155,2.18E-01
0.01575,1.95E-01
0.016,1.72E-01
0.01625,1.49E-01
0.0165,1.28E-01
0.01675,1.07E-01
0.017,8.66E-02
0.01725,6.80E-02
0.0175,5.09E-02
0.01775,3.54E-02
0.018,2.15E-02
0.01825,9.13E-03
0.0185,-1.88E-03
0.01875,-1.16E-02
0.019,-2.00E-02
0.01925,-2.73E-02
0.0195,-3.35E-02
0.01975,-3.87E-02
0.02,-4.30E-02
0.02025,-4.64E-02
0.0205,-4.91E-02
0.02075,-5.10E-02
0.021,-5.23E-02
0.02125,-5.31E-02
0.0215,-5.33E-02
0.02175,-5.32E-02
0.022,-5.26E-02
0.02225,-5.18E-02
0.0225,-5.08E-02
0.02275,-4.96E-02
0.023,-4.82E-02
0.02325,-4.67E-02
0.0235,-4.50E-02
0.02375,-4.31E-02
0.024,-4.09E-02
0.02425,-3.82E-02
0.0245,-3.51E-02
0.02475,-3.14E-02
0.025,-2.69E-02
0.02525,-2.14E-02
0.0255,-1.49E-02
0.02575,-7.09E-03
0.026,2.24E-03
0.02625,1.33E-02
0.0265,2.64E-02
0.02675,4.17E-02
0.027,5.90E-02
0.02725,7.81E-02
0.0275,9.89E-02
0.02775,1.21E-01
0.028,1.44E-01
0.02825,1.67E-01
0.0285,1.89E-01
0.02875,2.10E-01
0.029,2.30E-01
0.02925,2.46E-01
0.0295,2.59E-01
0.02975,2.67E-01
0.03,2.70E-01
0.03025,2.69E-01
0.0305,2.63E-01
0.03075,2.52E-01
0.031,2.38E-01
0.03125,2.20E-01
0.0315,1.99E-01
0.03175,1.77E-01
0.032,1.53E-01
0.03225,1.29E-01
0.0325,1.06E-01
0.03275,8.40E-02
0.033,6.39E-02
0.03325,4.62E-02
0.0335,3.09E-02
0.03375,1.78E-02
0.034,6.23E-03
0.03425,-4.96E-03
0.0345,-1.72E-02
0.03475,-3.22E-02
0.035,-5.22E-02
0.03525,-7.95E-02
0.0355,-1.14E-01
0.03575,-1.51E-01
0.036,-1.84E-01
0.03625,-2.00E-01
0.0365,-1.87E-01
0.03675,-1.32E-01
0.037,-1.92E-02
0.03725,1.55E-01
0.0375,3.82E-01
0.03775,6.37E-01
0.038,8.84E-01
0.03825,1.07E+00
0.0385,1.16E+00
0.03875,1.12E+00
0.039,9.55E-01
0.03925,7.11E-01
0.0395,4.35E-01
0.03975,1.73E-01
0.04,-4.35E-02
0.04025,-1.98E-01
0.0405,-2.87E-01
0.04075,-3.14E-01
0.041,-2.98E-01
0.04125,-2.56E-01
0.0415,-2.03E-01
0.04175,-1.48E-01
0.042,-1.00E-01
0.04225,-6.49E-02
0.0425,-4.20E-02
0.04275,-2.70E-02
0.043,-1.68E-02
0.04325,-8.96E-03
0.0435,-1.68E-03
0.04375,6.23E-03
0.044,1.53E-02
0.04425,2.54E-02
0.0445,3.64E-02
0.04475,4.86E-02
0.045,6.21E-02
0.04525,7.69E-02
0.0455,9.30E-02
0.04575,1.10E-01
0.046,1.29E-01
0.04625,1.49E-01
0.0465,1.70E-01
0.04675,1.91E-01
0.047,2.14E-01
0.04725,2.37E-01
0.0475,2.60E-01
0.04775,2.84E-01
0.048,3.07E-01
0.04825,3.29E-01
0.0485,3.50E-01
0.04875,3.70E-01
0.049,3.88E-01
0.04925,4.05E-01
0.0495,4.19E-01
0.04975,4.31E-01
0.05,4.41E-01
0.05025,4.47E-01
0.0505,4.51E-01
0.05075,4.51E-01
0.051,4.48E-01
0.05125,4.42E-01
0.0515,4.34E-01
0.05175,4.23E-01
0.052,4.09E-01
0.05225,3.94E-01
0.0525,3.77E-01
0.05275,3.58E-01
0.053,3.38E-01
0.05325,3.17E-01
0.0535,2.95E-01
0.05375,2.72E-01
0.054,2.49E-01
0.05425,2.26E-01
0.0545,2.03E-01
0.05475,1.82E-01
0.055,1.60E-01
0.05525,1.41E-01
0.0555,1.22E-01
0.05575,1.05E-01
0.056,8.92E-02
0.05625,7.47E-02
0.0565,6.16E-02
0.05675,4.97E-02
0.057,3.92E-02
0.05725,2.98E-02
0.0575,2.17E-02
0.05775,1.46E-02
0.058,8.59E-03
0.05825,3.53E-03
0.0585,-6.88E-04
0.05875,-4.16E-03
0.059,-7.00E-03
0.05925,-9.33E-03
0.0595,-1.12E-02
0.05975,-1.27E-02
0.06,-1.37E-02
0.06025,-1.45E-02
0.0605,-1.51E-02
0.06075,-1.54E-02
0.061,-1.56E-02
0.06125,-1.57E-02
0.0615,-1.55E-02
0.06175,-1.52E-02
0.062,-1.46E-02
0.06225,-1.38E-02
0.0625,-1.26E-02
0.06275,-1.10E-02
0.063,-8.82E-03
0.06325,-6.04E-03
0.0635,-2.60E-03
0.06375,1.81E-03
0.064,7.55E-03
0.06425,1.49E-02
0.0645,2.41E-02
0.06475,3.52E-02
0.065,4.84E-02
0.06525,6.37E-02
0.0655,8.11E-02
0.06575,1.00E-01
0.066,1.21E-01
0.06625,1.44E-01
0.0665,1.68E-01
0.06675,1.92E-01
0.067,2.16E-01
0.06725,2.38E-01
0.0675,2.57E-01
0.06775,2.74E-01
0.068,2.87E-01
0.06825,2.96E-01
0.0685,3.00E-01
0.06875,3.00E-01
0.069,2.95E-01
0.06925,2.86E-01
0.0695,2.72E-01
0.06975,2.55E-01
0.07,2.35E-01
0.07025,2.13E-01
0.0705,1.91E-01
0.07075,1.69E-01
0.071,1.47E-01
0.07125,1.26E-01
0.0715,1.07E-01
0.07175,8.95E-02
0.072,7.39E-02
0.07225,6.03E-02
0.0725,4.88E-02
0.07275,3.84E-02
0.073,2.69E-02
0.07325,1.23E-02
0.0735,-6.98E-03
0.07375,-3.22E-02
0.074,-6.43E-02
0.07425,-1.03E-01
0.0745,-1.39E-01
0.07475,-1.59E-01
0.075,-1.50E-01
0.07525,-1.02E-01
0.0755,-4.34E-03
0.07575,1.51E-01
0.076,3.69E-01
0.07625,6.21E-01
0.0765,8.67E-01
0.07675,1.07E+00
0.077,1.19E+00
0.07725,1.19E+00
0.0775,1.06E+00
0.07775,8.33E-01
0.078,5.67E-01
0.07825,3.01E-01
0.0785,6.76E-02
0.07875,-1.10E-01
0.079,-2.21E-01
0.07925,-2.71E-01
0.0795,-2.72E-01
0.07975,-2.38E-01
0.08,-1.82E-01
0.08025,-1.22E-01
0.0805,-7.13E-02
0.08075,-3.25E-02
0.081,-4.73E-03
0.08125,1.37E-02
0.0815,2.54E-02
0.08175,3.40E-02
0.082,4.20E-02
0.08225,4.99E-02
0.0825,5.84E-02
0.08275,6.77E-02
0.083,7.82E-02
0.08325,8.99E-02
0.0835,1.03E-01
0.08375,1.17E-01
0.084,1.32E-01
0.08425,1.49E-01
0.0845,1.67E-01
0.08475,1.86E-01
0.085,2.06E-01
0.08525,2.27E-01
0.0855,2.49E-01
0.08575,2.71E-01
0.086,2.94E-01
0.08625,3.17E-01
0.0865,3.40E-01
0.08675,3.62E-01
0.087,3.84E-01
0.08725,4.04E-01
0.0875,4.23E-01
0.08775,4.41E-01
0.088,4.56E-01
0.08825,4.68E-01
0.0885,4.78E-01
0.08875,4.86E-01
0.089,4.90E-01
0.08925,4.92E-01
0.0895,4.91E-01
0.08975,4.87E-01
0.09,4.80E-01
0.09025,4.70E-01
0.0905,4.57E-01
0.09075,4.41E-01
0.091,4.24E-01
0.09125,4.05E-01
0.0915,3.84E-01
0.09175,3.63E-01
0.092,3.40E-01
0.09225,3.17E-01
0.0925,2.94E-01
0.09275,2.71E-01
0.093,2.48E-01
0.09325,2.25E-01
0.0935,2.04E-01
0.09375,1.83E-01
0.094,1.63E-01
0.09425,1.44E-01
0.0945,1.27E-01
0.09475,1.11E-01
0.095,9.72E-02
0.09525,8.44E-02
0.0955,7.28E-02
0.09575,6.25E-02
0.096,5.34E-02
0.09625,4.55E-02
0.0965,3.86E-02
0.09675,3.27E-02
0.097,2.78E-02
0.09725,2.38E-02
0.0975,2.05E-02
0.09775,1.79E-02
0.098,1.59E-02
0.09825,1.44E-02
0.0985,1.34E-02
0.09875,1.27E-02
0.099,1.22E-02
0.09925,1.21E-02
0.0995,1.22E-02
0.09975,1.25E-02
0.1,1.30E-02
0.10025,1.35E-02
0.1005,1.43E-02
0.10075,1.52E-02
0.101,1.64E-02
0.10125,1.79E-02
0.1015,1.98E-02
0.10175,2.23E-02
0.102,2.54E-02
0.10225,2.94E-02
0.1025,3.44E-02
0.10275,4.06E-02
0.103,4.82E-02
0.10325,5.74E-02
0.1035,6.84E-02
0.10375,8.15E-02
0.104,9.68E-02
0.10425,1.14E-01
0.1045,1.33E-01
0.10475,1.55E-01
0.105,1.77E-01
0.10525,2.00E-01
0.1055,2.23E-01
0.10575,2.46E-01
0.106,2.68E-01
0.10625,2.87E-01
0.1065,3.04E-01
0.10675,3.16E-01
0.107,3.24E-01
0.10725,3.28E-01
0.1075,3.27E-01
0.10775,3.21E-01
0.108,3.10E-01
0.10825,2.96E-01
0.1085,2.78E-01
0.10875,2.57E-01
0.109,2.35E-01
0.10925,2.11E-01
0.1095,1.88E-01
0.10975,1.65E-01
0.11,1.44E-01
0.11025,1.24E-01
0.1105,1.05E-01
0.11075,8.91E-02
0.111,7.47E-02
0.11125,6.19E-02
0.1115,5.08E-02
0.11175,3.95E-02
0.112,2.49E-02
0.11225,4.65E-03
0.1125,-2.21E-02
0.11275,-5.49E-02
0.113,-9.21E-02
0.11325,-1.30E-01
0.1135,-1.54E-01
0.11375,-1.49E-01
0.114,-1.05E-01
0.11425,-1.11E-02
0.1145,1.37E-01
0.11475,3.44E-01
0.115,6.02E-01
0.11525,8.58E-01
0.1155,1.06E+00
0.11575,1.19E+00
0.116,1.20E+00
0.11625,1.09E+00
0.1165,8.77E-01
0.11675,6.08E-01
0.117,3.36E-01
0.11725,9.68E-02
0.1175,-8.62E-02
0.11775,-2.04E-01
0.118,-2.57E-01
0.11825,-2.55E-01
0.1185,-2.19E-01
0.11875,-1.66E-01
0.119,-1.10E-01
0.11925,-5.97E-02
0.1195,-2.10E-02
0.11975,5.15E-03
0.12,2.16E-02
0.12025,3.34E-02
0.1205,4.24E-02
0.12075,4.99E-02
0.121,5.71E-02
0.12125,6.49E-02
0.1215,7.37E-02
0.12175,8.39E-02
0.122,9.55E-02
0.12225,1.08E-01
0.1225,1.22E-01
0.12275,1.37E-01
0.123,1.53E-01
0.12325,1.71E-01
0.1235,1.90E-01
0.12375,2.09E-01
0.124,2.30E-01
0.12425,2.51E-01
0.1245,2.73E-01
0.12475,2.96E-01
0.125,3.18E-01
0.12525,3.41E-01
0.1255,3.62E-01
0.12575,3.83E-01
0.126,4.03E-01
0.12625,4.21E-01
0.1265,4.37E-01
0.12675,4.51E-01
0.127,4.62E-01
0.12725,4.71E-01
0.1275,4.78E-01
0.12775,4.81E-01
0.128,4.82E-01
0.12825,4.79E-01
0.1285,4.74E-01
0.12875,4.65E-01
0.129,4.53E-01
0.12925,4.39E-01
0.1295,4.23E-01
0.12975,4.04E-01
0.13,3.85E-01
0.13025,3.63E-01
0.1305,3.41E-01
0.13075,3.18E-01
0.131,2.95E-01
0.13125,2.71E-01
0.1315,2.48E-01
0.13175,2.25E-01
0.132,2.02E-01
0.13225,1.80E-01
0.1325,1.59E-01
0.13275,1.40E-01
0.133,1.21E-01
0.13325,1.04E-01
0.1335,8.88E-02
0.13375,7.49E-02
0.134,6.22E-02
0.13425,5.09E-02
0.1345,4.09E-02
0.13475,3.20E-02
0.135,2.42E-02
0.13525,1.75E-02
0.1355,1.17E-02
0.13575,6.83E-03
0.136,2.75E-03
0.13625,-5.97E-04
0.1365,-3.29E-03
0.13675,-5.41E-03
0.137,-7.04E-03
0.13725,-8.27E-03
0.1375,-9.19E-03
0.13775,-9.87E-03
0.138,-1.03E-02
0.13825,-1.06E-02
0.1385,-1.06E-02
0.13875,-1.05E-02
0.139,-1.02E-02
0.13925,-9.76E-03
0.1395,-9.06E-03
0.13975,-8.06E-03
0.14,-6.68E-03
0.14025,-4.81E-03
0.1405,-2.32E-03
0.14075,9.46E-04
0.141,5.15E-03
0.14125,1.05E-02
0.1415,1.72E-02
0.14175,2.54E-02
0.142,3.55E-02
0.14225,4.82E-02
0.1425,6.37E-02
0.14275,8.15E-02
0.143,1.01E-01
0.14325,1.22E-01
0.1435,1.43E-01
0.14375,1.65E-01
0.144,1.86E-01
0.14425,2.07E-01
0.1445,2.26E-01
0.14475,2.44E-01
0.145,2.59E-01
0.14525,2.71E-01
0.1455,2.80E-01
0.14575,2.85E-01
0.146,2.85E-01
0.14625,2.80E-01
0.1465,2.70E-01
0.14675,2.56E-01
0.147,2.38E-01
0.14725,2.18E-01
0.1475,1.96E-01
0.14775,1.73E-01
0.148,1.49E-01
0.14825,1.26E-01
0.1485,1.04E-01
0.14875,8.33E-02
0.149,6.48E-02
0.14925,4.96E-02
0.1495,3.64E-02
0.14975,2.40E-02
0.15,1.09E-02
0.15025,-4.01E-03
0.1505,-2.17E-02
0.15075,-4.29E-02
0.151,-6.85E-02
0.15125,-9.90E-02
0.1515,-1.35E-01
0.15175,-1.73E-01
0.152,-1.98E-01
0.15225,-1.93E-01
0.1525,-1.44E-01
0.15275,-4.51E-02
0.153,1.08E-01
0.15325,3.14E-01
0.1535,5.66E-01
0.15375,8.25E-01
0.154,1.03E+00
0.15425,1.15E+00
0.1545,1.15E+00
0.15475,1.02E+00
0.155,7.97E-01
0.15525,5.25E-01
0.1555,2.55E-01
0.15575,2.34E-02
0.156,-1.50E-01
0.15625,-2.57E-01
0.1565,-2.98E-01
0.15675,-2.91E-01
0.157,-2.55E-01
0.15725,-2.03E-01
0.1575,-1.50E-01
0.15775,-1.01E-01
0.158,-6.42E-02
0.15825,-3.97E-02
0.1585,-2.41E-02
0.15875,-1.38E-02
0.159,-6.38E-03
0.15925,1.79E-04
0.1595,7.17E-03
0.15975,1.53E-02
0.16,2.47E-02
0.16025,3.51E-02
0.1605,4.65E-02
0.16075,5.93E-02
0.161,7.34E-02
0.16125,8.88E-02
0.1615,1.06E-01
0.16175,1.23E-01
0.162,1.43E-01
0.16225,1.63E-01
0.1625,1.84E-01
0.16275,2.06E-01
0.163,2.28E-01
0.16325,2.51E-01
0.1635,2.74E-01
0.16375,2.96E-01
0.164,3.17E-01
0.16425,3.38E-01
0.1645,3.57E-01
0.16475,3.74E-01
0.165,3.90E-01
0.16525,4.03E-01
0.1655,4.14E-01
0.16575,4.23E-01
0.166,4.28E-01
0.16625,4.30E-01
0.1665,4.29E-01
0.16675,4.25E-01
0.167,4.17E-01
0.16725,4.07E-01
0.1675,3.95E-01
0.16775,3.80E-01
0.168,3.63E-01
0.16825,3.44E-01
0.1685,3.24E-01
0.16875,3.03E-01
0.169,2.80E-01
0.16925,2.57E-01
0.1695,2.33E-01
0.16975,2.09E-01
0.17,1.85E-01
0.17025,1.62E-01
0.1705,1.39E-01
0.17075,1.18E-01
0.171,9.71E-02
0.17125,7.81E-02
0.1715,6.05E-02
0.17175,4.43E-02
0.172,2.95E-02
0.17225,1.60E-02
0.1725,3.85E-03
0.17275,-7.05E-03
0.173,-1.67E-02
0.17325,-2.52E-02
0.1735,-3.27E-02
0.17375,-3.91E-02
0.174,-4.45E-02
0.17425,-4.91E-02
0.1745,-5.28E-02
0.17475,-5.59E-02
0.175,-5.84E-02
0.17525,-6.04E-02
0.1755,-6.20E-02
0.17575,-6.34E-02
0.176,-6.44E-02
0.17625,-6.51E-02
0.1765,-6.56E-02
0.17675,-6.59E-02
0.177,-6.61E-02
0.17725,-6.62E-02
0.1775,-6.60E-02
0.17775,-6.56E-02
0.178,-6.50E-02
0.17825,-6.39E-02
0.1785,-6.24E-02
0.17875,-6.03E-02
0.179,-5.74E-02
0.17925,-5.35E-02
0.1795,-4.85E-02
0.17975,-4.21E-02
0.18,-3.41E-02
0.18025,-2.37E-02
0.1805,-1.07E-02
0.18075,4.57E-03
0.181,2.18E-02
0.18125,4.05E-02
0.1815,6.05E-02
0.18175,8.12E-02
0.182,1.02E-01
0.18225,1.23E-01
0.1825,1.43E-01
0.18275,1.62E-01
0.183,1.80E-01
0.18325,1.95E-01
0.1835,2.07E-01
0.18375,2.16E-01
0.184,2.20E-01
0.18425,2.20E-01
0.1845,2.15E-01
0.18475,2.04E-01
0.185,1.89E-01
0.18525,1.70E-01
0.1855,1.50E-01
0.18575,1.27E-01
0.186,1.04E-01
0.18625,8.06E-02
0.1865,5.77E-02
0.18675,3.58E-02
0.187,1.54E-02
0.18725,-3.20E-03
0.1875,-1.95E-02
0.18775,-3.30E-02
0.188,-4.50E-02
0.18825,-5.72E-02
0.1885,-7.10E-02
0.18875,-8.79E-02
0.189,-1.09E-01
0.18925,-1.36E-01
0.1895,-1.69E-01
0.18975,-2.12E-01
0.19,-2.51E-01
0.19025,-2.69E-01
0.1905,-2.49E-01
0.19075,-1.83E-01
0.191,-6.50E-02
0.19125,1.05E-01
0.1915,3.23E-01
0.19175,5.79E-01
0.192,8.28E-01
0.19225,1.01E+00
0.1925,1.09E+00
0.19275,1.04E+00
0.193,8.76E-01
0.19325,6.28E-01
0.1935,3.53E-01
0.19375,9.48E-02
0.194,-1.17E-01
0.19425,-2.66E-01
0.1945,-3.48E-01
0.19475,-3.74E-01
0.195,-3.57E-01
0.19525,-3.10E-01
0.1955,-2.51E-01
0.19575,-1.95E-01
0.196,-1.52E-01
0.19625,-1.20E-01
0.1965,-9.88E-02
0.19675,-8.50E-02
0.197,-7.61E-02
0.19725,-6.86E-02
0.1975,-6.10E-02
0.19775,-5.31E-02
0.198,-4.44E-02
0.19825,-3.47E-02
0.1985,-2.37E-02
0.19875,-1.14E-02
0.199,2.21E-03
0.19925,1.71E-02
0.1995,3.33E-02
0.19975,5.08E-02
0.2,6.94E-02
0.20025,8.92E-02
0.2005,1.10E-01
0.20075,1.32E-01
0.201,1.54E-01
0.20125,1.76E-01
0.2015,1.99E-01
0.20175,2.22E-01
0.202,2.44E-01
0.20225,2.65E-01
0.2025,2.86E-01
0.20275,3.04E-01
0.203,3.22E-01
0.20325,3.37E-01
0.2035,3.49E-01
0.20375,3.59E-01
0.204,3.67E-01
0.20425,3.71E-01
0.2045,3.72E-01
0.20475,3.70E-01
0.205,3.65E-01
0.20525,3.57E-01
0.2055,3.47E-01
0.20575,3.33E-01
0.206,3.18E-01
0.20625,3.00E-01
0.2065,2.80E-01
0.20675,2.59E-01
0.207,2.37E-01
0.20725,2.13E-01
0.2075,1.90E-01
0.20775,1.66E-01
0.208,1.42E-01
0.20825,1.19E-01
0.2085,9.67E-02
0.20875,7.50E-02
0.209,5.44E-02
0.20925,3.49E-02
0.2095,1.67E-02
0.20975,-1.43E-05
0.21,-1.52E-02
0.21025,-2.89E-02
0.2105,-4.13E-02
0.21075,-5.23E-02
0.211,-6.21E-02
0.21125,-7.07E-02
0.2115,-7.82E-02
0.21175,-8.47E-02
0.212,-9.02E-02
0.21225,-9.49E-02
0.2125,-9.88E-02
0.21275,-1.02E-01
0.213,-1.04E-01
0.21325,-1.06E-01
0.2135,-1.08E-01
0.21375,-1.09E-01
0.214,-1.09E-01
0.21425,-1.10E-01
0.2145,-1.10E-01
0.21475,-1.10E-01
0.215,-1.10E-01
0.21525,-1.09E-01
0.2155,-1.09E-01
0.21575,-1.08E-01
0.216,-1.07E-01
0.21625,-1.06E-01
0.2165,-1.04E-01
0.21675,-1.01E-01
0.217,-9.81E-02
0.21725,-9.41E-02
0.2175,-8.91E-02
0.21775,-8.29E-02
0.218,-7.53E-02
0.21825,-6.61E-02
0.2185,-5.51E-02
0.21875,-4.20E-02
0.219,-2.65E-02
0.21925,-8.48E-03
0.2195,1.15E-02
0.21975,3.30E-02
0.22,5.53E-02
0.22025,7.79E-02
0.2205,1.00E-01
0.22075,1.21E-01
0.221,1.41E-01
0.22125,1.59E-01
0.2215,1.73E-01
0.22175,1.85E-01
0.222,1.92E-01
0.22225,1.94E-01
0.2225,1.91E-01
0.22275,1.82E-01
0.223,1.69E-01
0.22325,1.52E-01
0.2235,1.33E-01
0.22375,1.11E-01
0.224,8.92E-02
0.22425,6.65E-02
0.2245,4.40E-02
0.22475,2.21E-02
0.225,1.40E-03
0.22525,-1.78E-02
0.2255,-3.52E-02
0.22575,-5.04E-02
0.226,-6.35E-02
0.22625,-7.50E-02
0.2265,-8.66E-02
0.22675,-1.00E-01
0.227,-1.18E-01
0.22725,-1.41E-01
0.2275,-1.71E-01
0.22775,-2.10E-01
0.228,-2.46E-01
0.22825,-2.71E-01
0.2285,-2.73E-01
0.22875,-2.40E-01
0.229,-1.57E-01
0.22925,-1.45E-02
0.2295,1.85E-01
0.22975,4.24E-01
0.23,6.75E-01
0.23025,8.99E-01
0.2305,1.05E+00
0.23075,1.06E+00
0.231,9.48E-01
0.23125,7.43E-01
0.2315,4.84E-01
0.23175,2.10E-01
0.232,-3.26E-02
0.23225,-2.14E-01
0.2325,-3.32E-01
0.23275,-3.89E-01
0.233,-3.92E-01
0.23325,-3.57E-01
0.2335,-3.02E-01
0.23375,-2.44E-01
0.234,-1.94E-01
0.23425,-1.54E-01
0.2345,-1.26E-01
0.23475,-1.09E-01
0.235,-9.88E-02
0.23525,-9.03E-02
0.2355,-8.29E-02
0.23575,-7.55E-02
0.236,-6.76E-02
0.23625,-5.86E-02
0.2365,-4.84E-02
0.23675,-3.69E-02
0.237,-2.43E-02
0.23725,-1.04E-02
0.2375,4.70E-03
0.23775,2.11E-02
0.238,3.88E-02
0.23825,5.76E-02
0.2385,7.75E-02
0.23875,9.83E-02
0.239,1.20E-01
0.23925,1.42E-01
0.2395,1.64E-01
0.23975,1.86E-01
0.24,2.08E-01
0.24025,2.30E-01
0.2405,2.51E-01
0.24075,2.70E-01
0.241,2.88E-01
0.24125,3.03E-01
0.2415,3.17E-01
0.24175,3.28E-01
0.242,3.36E-01
0.24225,3.42E-01
0.2425,3.45E-01
0.24275,3.45E-01
0.243,3.41E-01
0.24325,3.35E-01
0.2435,3.26E-01
0.24375,3.14E-01
0.244,2.99E-01
0.24425,2.83E-01
0.2445,2.64E-01
0.24475,2.44E-01
0.245,2.22E-01
0.24525,2.00E-01
0.2455,1.77E-01
0.24575,1.54E-01
0.246,1.30E-01
0.24625,1.07E-01
0.2465,8.47E-02
0.24675,6.28E-02
0.247,4.18E-02
0.24725,2.20E-02
0.2475,3.53E-03
0.24775,-1.34E-02
0.248,-2.90E-02
0.24825,-4.31E-02
0.2485,-5.58E-02
0.24875,-6.72E-02
0.249,-7.72E-02
0.24925,-8.60E-02
0.2495,-9.36E-02
0.24975,-1.00E-01
0.25,-1.05E-01
0.25025,-1.10E-01
0.2505,-1.13E-01
0.25075,-1.16E-01
0.251,-1.18E-01
0.25125,-1.19E-01
0.2515,-1.20E-01
0.25175,-1.21E-01
0.252,-1.21E-01
0.25225,-1.21E-01
0.2525,-1.21E-01
0.25275,-1.20E-01
0.253,-1.20E-01
0.25325,-1.19E-01
0.2535,-1.18E-01
0.25375,-1.17E-01
0.254,-1.16E-01
0.25425,-1.15E-01
0.2545,-1.13E-01
0.25475,-1.11E-01
0.255,-1.08E-01
0.25525,-1.05E-01
0.2555,-1.01E-01
0.25575,-9.53E-02
0.256,-8.86E-02
0.25625,-8.03E-02
0.2565,-6.96E-02
0.25675,-5.65E-02
0.257,-4.13E-02
0.25725,-2.42E-02
0.2575,-5.47E-03
0.25775,1.45E-02
0.258,3.54E-02
0.25825,5.69E-02
0.2585,7.85E-02
0.25875,9.97E-02
0.259,1.20E-01
0.25925,1.39E-01
0.2595,1.57E-01
0.25975,1.71E-01
0.26,1.83E-01
0.26025,1.91E-01
0.2605,1.94E-01
0.26075,1.92E-01
0.261,1.85E-01
0.26125,1.72E-01
0.2615,1.56E-01
0.26175,1.37E-01
0.262,1.17E-01
0.26225,9.48E-02
0.2625,7.27E-02
0.26275,5.09E-02
0.263,2.99E-02
0.26325,1.02E-02
0.2635,-8.01E-03
0.26375,-2.44E-02
0.264,-3.87E-02
0.26425,-5.10E-02
0.2645,-6.14E-02
0.26475,-7.22E-02
0.265,-8.58E-02
0.26525,-1.04E-01
0.2655,-1.28E-01
0.26575,-1.58E-01
0.266,-1.95E-01
0.26625,-2.34E-01
0.2665,-2.61E-01
0.26675,-2.62E-01
0.267,-2.23E-01
0.26725,-1.38E-01
0.2675,2.41E-03
0.26775,2.01E-01
0.268,4.60E-01
0.26825,7.24E-01
0.2685,9.36E-01
0.26875,1.06E+00
0.269,1.07E+00
0.26925,9.70E-01
0.2695,7.63E-01
0.26975,4.97E-01
0.27,2.25E-01
0.27025,-1.85E-02
0.2705,-2.07E-01
0.27075,-3.30E-01
0.271,-3.85E-01
0.27125,-3.87E-01
0.2715,-3.52E-01
0.27175,-2.98E-01
0.272,-2.38E-01
0.27225,-1.85E-01
0.2725,-1.45E-01
0.27275,-1.18E-01
0.273,-1.01E-01
0.27325,-8.85E-02
0.2735,-7.91E-02
0.27375,-7.10E-02
0.274,-6.31E-02
0.27425,-5.45E-02
0.2745,-4.47E-02
0.27475,-3.35E-02
0.275,-2.11E-02
0.27525,-7.67E-03
0.2755,7.09E-03
0.27575,2.32E-02
0.276,4.05E-02
0.27625,5.92E-02
0.2765,7.90E-02
0.27675,9.98E-02
0.277,1.22E-01
0.27725,1.44E-01
0.2775,1.67E-01
0.27775,1.91E-01
0.278,2.14E-01
0.27825,2.37E-01
0.2785,2.60E-01
0.27875,2.82E-01
0.279,3.02E-01
0.27925,3.21E-01
0.2795,3.38E-01
0.27975,3.52E-01
0.28,3.65E-01
0.28025,3.74E-01
0.2805,3.81E-01
0.28075,3.85E-01
0.281,3.86E-01
0.28125,3.84E-01
0.2815,3.79E-01
0.28175,3.70E-01
0.282,3.59E-01
0.28225,3.45E-01
0.2825,3.29E-01
0.28275,3.12E-01
0.283,2.92E-01
0.28325,2.71E-01
0.2835,2.50E-01
0.28375,2.27E-01
0.284,2.05E-01
0.28425,1.82E-01
0.2845,1.59E-01
0.28475,1.36E-01
0.285,1.14E-01
0.28525,9.28E-02
0.2855,7.26E-02
0.28575,5.38E-02
0.286,3.64E-02
0.28625,2.05E-02
0.2865,6.11E-03
0.28675,-6.87E-03
0.287,-1.85E-02
0.28725,-2.88E-02
0.2875,-3.79E-02
0.28775,-4.58E-02
0.288,-5.26E-02
0.28825,-5.84E-02
0.2885,-6.32E-02
0.28875,-6.71E-02
0.289,-7.01E-02
0.28925,-7.25E-02
0.2895,-7.42E-02
0.28975,-7.53E-02
0.29,-7.60E-02
0.29025,-7.62E-02
0.2905,-7.62E-02
0.29075,-7.60E-02
0.291,-7.56E-02
0.29125,-7.51E-02
0.2915,-7.44E-02
0.29175,-7.35E-02
0.292,-7.25E-02
0.29225,-7.13E-02
0.2925,-6.98E-02
0.29275,-6.80E-02
0.293,-6.57E-02
0.29325,-6.30E-02
0.2935,-5.95E-02
0.29375,-5.53E-02
0.294,-5.01E-02
0.29425,-4.37E-02
0.2945,-3.60E-02
0.29475,-2.68E-02
0.295,-1.58E-02
0.29525,-2.73E-03
0.2955,1.26E-02
0.29575,3.00E-02
0.296,4.95E-02
0.29625,7.05E-02
0.2965,9.28E-02
0.29675,1.16E-01
0.297,1.39E-01
0.29725,1.62E-01
0.2975,1.83E-01
0.29775,2.03E-01
0.298,2.19E-01
0.29825,2.32E-01
0.2985,2.40E-01
0.29875,2.43E-01
0.299,2.42E-01
0.29925,2.36E-01
0.2995,2.25E-01
0.29975,2.11E-01
0.3,1.93E-01
0.30025,1.73E-01
0.3005,1.51E-01
0.30075,1.28E-01
0.301,1.04E-01
0.30125,8.19E-02
0.3015,6.08E-02
0.30175,4.16E-02
0.302,2.46E-02
0.30225,9.91E-03
0.3025,-2.92E-03
0.30275,-1.45E-02
0.303,-2.56E-02
0.30325,-3.75E-02
0.3035,-5.15E-02
0.30375,-7.12E-02
0.304,-9.91E-02
0.30425,-1.34E-01
0.3045,-1.72E-01
0.30475,-2.04E-01
0.305,-2.19E-01
0.30525,-2.05E-01
0.3055,-1.43E-01
0.30575,-2.36E-02
0.306,1.54E-01
0.30625,3.80E-01
0.3065,6.34E-01
0.30675,8.84E-01
0.307,1.07E+00
0.30725,1.15E+00
0.3075,1.10E+00
0.30775,9.32E-01
0.308,6.85E-01
0.30825,4.09E-01
0.3085,1.50E-01
0.30875,-6.19E-02
0.309,-2.11E-01
0.30925,-2.92E-01
0.3095,-3.11E-01
0.30975,-2.91E-01
0.31,-2.48E-01
0.31025,-1.95E-01
0.3105,-1.42E-01
0.31075,-9.73E-02
0.311,-6.37E-02
0.31125,-4.13E-02
0.3115,-2.65E-02
0.31175,-1.59E-02
0.312,-7.62E-03
0.31225,-1.47E-04
0.3125,7.68E-03
0.31275,1.66E-02
0.313,2.70E-02
0.31325,3.88E-02
0.3135,5.17E-02
0.31375,6.57E-02
0.314,8.10E-02
0.31425,9.76E-02
0.3145,1.16E-01
0.31475,1.35E-01
0.315,1.55E-01
0.31525,1.76E-01
0.3155,1.98E-01
0.31575,2.21E-01
0.316,2.44E-01
0.31625,2.68E-01
0.3165,2.91E-01
0.31675,3.14E-01
0.317,3.37E-01
0.31725,3.58E-01
0.3175,3.78E-01
0.31775,3.96E-01
0.318,4.12E-01
0.31825,4.25E-01
0.3185,4.36E-01
0.31875,4.45E-01
0.319,4.51E-01
0.31925,4.53E-01
0.3195,4.53E-01
0.31975,4.49E-01
0.32,4.42E-01
0.32025,4.33E-01
0.3205,4.20E-01
0.32075,4.05E-01
0.321,3.88E-01
0.32125,3.70E-01
0.3215,3.50E-01
0.32175,3.29E-01
0.322,3.07E-01
0.32225,2.85E-01
0.3225,2.62E-01
0.32275,2.39E-01
0.323,2.16E-01
0.32325,1.94E-01
0.3235,1.73E-01
0.32375,1.52E-01
0.324,1.32E-01
0.32425,1.14E-01
0.3245,9.69E-02
0.32475,8.14E-02
0.325,6.74E-02
0.32525,5.49E-02
0.3255,4.36E-02
0.32575,3.36E-02
0.326,2.48E-02
0.32625,1.72E-02
0.3265,1.06E-02
0.32675,4.91E-03
0.327,1.66E-04
0.32725,-3.75E-03
0.3275,-6.90E-03
0.32775,-9.37E-03
0.328,-1.12E-02
0.32825,-1.26E-02
0.3285,-1.34E-02
0.32875,-1.39E-02
0.329,-1.42E-02
0.32925,-1.41E-02
0.3295,-1.39E-02
0.32975,-1.36E-02
0.33,-1.31E-02
0.33025,-1.23E-02
0.3305,-1.14E-02
0.33075,-1.02E-02
0.331,-8.61E-03
0.33125,-6.64E-03
0.3315,-4.14E-03
0.33175,-1.01E-03
0.332,2.89E-03
0.33225,7.71E-03
0.3325,1.36E-02
0.33275,2.08E-02
0.333,2.94E-02
0.33325,3.97E-02
0.3335,5.20E-02
0.33375,6.64E-02
0.334,8.30E-02
0.33425,1.02E-01
0.3345,1.22E-01
0.33475,1.44E-01
0.335,1.67E-01
0.33525,1.91E-01
0.3355,2.14E-01
0.33575,2.36E-01
0.336,2.57E-01
0.33625,2.74E-01
0.3365,2.88E-01
0.33675,2.98E-01
0.337,3.04E-01
0.33725,3.05E-01
0.3375,3.00E-01
0.33775,2.92E-01
0.338,2.79E-01
0.33825,2.62E-01
0.3385,2.42E-01
0.33875,2.21E-01
0.339,1.98E-01
0.33925,1.74E-01
0.3395,1.52E-01
0.33975,1.30E-01
0.34,1.10E-01
0.34025,9.23E-02
0.3405,7.63E-02
0.34075,6.22E-02
0.341,4.97E-02
0.34125,3.84E-02
0.3415,2.76E-02
0.34175,1.42E-02
0.342,-4.40E-03
0.34225,-2.97E-02
0.3425,-6.15E-02
0.34275,-9.86E-02
0.343,-1.35E-01
0.34325,-1.58E-01
0.3435,-1.54E-01
0.34375,-1.12E-01
0.344,-1.94E-02
0.34425,1.33E-01
0.3445,3.44E-01
0.34475,5.90E-01
0.345,8.37E-01
0.34525,1.05E+00
0.3455,1.18E+00
0.34575,1.18E+00
0.346,1.05E+00
0.34625,8.34E-01
0.3465,5.72E-01
0.34675,3.03E-01
0.347,6.65E-02
0.34725,-1.09E-01
0.3475,-2.19E-01
0.34775,-2.69E-01
0.348,-2.68E-01
0.34825,-2.30E-01
0.3485,-1.74E-01
0.34875,-1.16E-01
0.349,-6.61E-02
0.34925,-2.74E-02
0.3495,-1.09E-03
0.34975,1.50E-02
0.35,2.59E-02
0.35025,3.45E-02
0.3505,4.21E-02
0.35075,4.96E-02
0.351,5.79E-02
0.35125,6.74E-02
0.3515,7.81E-02
0.35175,8.98E-02
0.352,1.03E-01
0.35225,1.17E-01
0.3525,1.33E-01
0.35275,1.50E-01
0.353,1.68E-01
0.35325,1.87E-01
0.3535,2.07E-01
0.35375,2.29E-01
0.354,2.50E-01
0.35425,2.73E-01
0.3545,2.96E-01
0.35475,3.19E-01
0.355,3.42E-01
0.35525,3.64E-01
0.3555,3.84E-01
0.35575,4.04E-01
0.356,4.22E-01
0.35625,4.38E-01
0.3565,4.52E-01
0.35675,4.64E-01
0.357,4.73E-01
0.35725,4.79E-01
0.3575,4.82E-01
0.35775,4.82E-01
0.358,4.79E-01
0.35825,4.72E-01
0.3585,4.62E-01
0.35875,4.50E-01
0.359,4.35E-01
0.35925,4.19E-01
0.3595,4.00E-01
0.35975,3.81E-01
0.36,3.60E-01
0.36025,3.38E-01
0.3605,3.15E-01
0.36075,2.92E-01
0.361,2.69E-01
0.36125,2.46E-01
0.3615,2.23E-01
0.36175,2.01E-01
0.362,1.80E-01
0.36225,1.59E-01
0.3625,1.40E-01
0.36275,1.22E-01
0.363,1.06E-01
0.36325,9.08E-02
0.3635,7.74E-02
0.36375,6.55E-02
0.364,5.49E-02
0.36425,4.55E-02
0.3645,3.74E-02
0.36475,3.03E-02
0.365,2.43E-02
0.36525,1.92E-02
0.3655,1.49E-02
0.36575,1.15E-02
0.366,8.82E-03
0.36625,6.75E-03
0.3665,5.23E-03
0.36675,4.18E-03
0.367,3.53E-03
0.36725,3.19E-03
0.3675,3.08E-03
0.36775,3.19E-03
0.368,3.52E-03
0.36825,4.02E-03
0.3685,4.69E-03
0.36875,5.53E-03
0.369,6.57E-03
0.36925,7.86E-03
0.3695,9.47E-03
0.36975,1.15E-02
0.37,1.40E-02
0.37025,1.72E-02
0.3705,2.12E-02
0.37075,2.62E-02
0.371,3.23E-02
0.37125,3.99E-02
0.3715,4.91E-02
0.37175,6.02E-02
0.372,7.41E-02
0.37225,9.06E-02
0.3725,1.09E-01
0.37275,1.30E-01
0.373,1.51E-01
0.37325,1.73E-01
0.3735,1.94E-01
0.37375,2.16E-01
0.374,2.36E-01
0.37425,2.54E-01
0.3745,2.71E-01
0.37475,2.84E-01
0.375,2.95E-01
0.37525,3.02E-01
0.3755,3.04E-01
0.37575,3.02E-01
0.376,2.95E-01
0.37625,2.82E-01
0.3765,2.66E-01
0.37675,2.46E-01
0.377,2.24E-01
0.37725,2.01E-01
0.3775,1.77E-01
0.37775,1.53E-01
0.378,1.30E-01
0.37825,1.08E-01
0.3785,8.76E-02
0.37875,6.98E-02
0.379,5.60E-02
0.37925,4.39E-02
0.3795,3.17E-02
0.37975,1.76E-02
0.38,5.46E-04
0.38025,-2.03E-02
0.3805,-4.52E-02
0.38075,-7.41E-02
0.381,-1.07E-01
0.38125,-1.42E-01
0.3815,-1.79E-01
0.38175,-1.98E-01
0.382,-1.77E-01
0.38225,-1.01E-01
0.3825,3.43E-02
0.38275,2.25E-01
0.383,4.57E-01
0.38325,7.10E-01
0.3835,9.50E-01
0.38375,1.12E+00
0.384,1.19E+00
0.38425,1.13E+00
0.3845,9.49E-01
0.38475,6.94E-01
0.385,4.19E-01
0.38525,1.65E-01
0.3855,-4.28E-02
0.38575,-1.87E-01
0.386,-2.66E-01
0.38625,-2.87E-01
0.3865,-2.63E-01
0.38675,-2.14E-01
0.387,-1.55E-01
0.38725,-1.00E-01
0.3875,-5.56E-02
0.38775,-2.35E-02
0.388,-2.00E-03
0.38825,1.25E-02
0.3885,2.25E-02
0.38875,3.00E-02
0.389,3.66E-02
0.38925,4.34E-02
0.3895,5.14E-02
0.38975,6.09E-02
0.39,7.18E-02
0.39025,8.39E-02
0.3905,9.68E-02
0.39075,1.11E-01
0.391,1.26E-01
0.39125,1.43E-01
0.3915,1.61E-01
0.39175,1.80E-01
0.392,2.00E-01
0.39225,2.21E-01
0.3925,2.42E-01
0.39275,2.64E-01
0.393,2.86E-01
0.39325,3.08E-01
0.3935,3.30E-01
0.39375,3.51E-01
0.394,3.71E-01
0.39425,3.90E-01
0.3945,4.07E-01
0.39475,4.22E-01
0.395,4.34E-01
0.39525,4.45E-01
0.3955,4.52E-01
0.39575,4.57E-01
0.396,4.59E-01
0.39625,4.59E-01
0.3965,4.55E-01
0.39675,4.48E-01
0.397,4.37E-01
0.39725,4.24E-01
0.3975,4.09E-01
0.39775,3.92E-01
0.398,3.73E-01
0.39825,3.52E-01
0.3985,3.31E-01
0.39875,3.08E-01
0.399,2.85E-01
0.39925,2.62E-01
0.3995,2.39E-01
0.39975,2.15E-01
0.4,1.92E-01
0.40025,1.70E-01
0.4005,1.49E-01
0.40075,1.28E-01
0.401,1.09E-01
0.40125,9.18E-02
0.4015,7.58E-02
0.40175,6.12E-02
0.402,4.80E-02
0.40225,3.62E-02
0.4025,2.56E-02
0.40275,1.63E-02
0.403,8.14E-03
0.40325,1.05E-03
0.4035,-5.02E-03
0.40375,-1.02E-02
0.404,-1.44E-02
0.40425,-1.80E-02
0.4045,-2.08E-02
0.40475,-2.30E-02
0.405,-2.46E-02
0.40525,-2.58E-02
0.4055,-2.67E-02
0.40575,-2.73E-02
0.406,-2.77E-02
0.40625,-2.79E-02
0.4065,-2.80E-02
0.40675,-2.79E-02
0.407,-2.77E-02
0.40725,-2.73E-02
0.4075,-2.68E-02
0.40775,-2.60E-02
0.408,-2.50E-02
0.40825,-2.35E-02
0.4085,-2.16E-02
0.40875,-1.90E-02
0.409,-1.57E-02
0.40925,-1.14E-02
0.4095,-5.89E-03
0.40975,9.64E-04
0.41,9.42E-03
0.41025,1.97E-02
0.4105,3.21E-02
0.41075,4.67E-02
0.411,6.33E-02
0.41125,8.18E-02
0.4115,1.02E-01
0.41175,1.23E-01
0.412,1.45E-01
0.41225,1.68E-01
0.4125,1.90E-01
0.41275,2.10E-01
0.413,2.29E-01
0.41325,2.44E-01
0.4135,2.56E-01
0.41375,2.63E-01
0.414,2.65E-01
0.41425,2.63E-01
0.4145,2.57E-01
0.41475,2.46E-01
0.415,2.31E-01
0.41525,2.12E-01
0.4155,1.91E-01
0.41575,1.68E-01
0.416,1.45E-01
0.41625,1.21E-01
0.4165,9.76E-02
0.41675,7.58E-02
0.417,5.59E-02
0.41725,3.82E-02
0.4175,2.27E-02
0.41775,9.05E-03
0.418,-3.23E-03
0.41825,-1.50E-02
0.4185,-2.74E-02
0.41875,-4.15E-02
0.419,-6.12E-02
0.41925,-8.90E-02
0.4195,-1.24E-01
0.41975,-1.62E-01
0.42,-1.96E-01
0.42025,-2.16E-01
0.4205,-2.07E-01
0.42075,-1.53E-01
0.421,-4.36E-02
0.42125,1.23E-01
0.4215,3.40E-01
0.42175,5.92E-01
0.422,8.46E-01
0.42225,1.04E+00
0.4225,1.14E+00
0.42275,1.12E+00
0.423,9.75E-01
0.42325,7.40E-01
0.4235,4.66E-01
0.42375,2.00E-01
0.424,-2.74E-02
0.42425,-1.96E-01
0.4245,-2.98E-01
0.42475,-3.41E-01
0.425,-3.37E-01
0.42525,-3.00E-01
0.4255,-2.44E-01
0.42575,-1.86E-01
0.426,-1.37E-01
0.42625,-1.01E-01
0.4265,-7.61E-02
0.42675,-5.95E-02
0.427,-4.92E-02
0.42725,-4.19E-02
0.4275,-3.49E-02
0.42775,-2.78E-02
0.428,-2.01E-02
0.42825,-1.15E-02
0.4285,-1.75E-03
0.42875,9.23E-03
0.429,2.15E-02
0.42925,3.50E-02
0.4295,4.98E-02
0.42975,6.59E-02
0.43,8.32E-02
0.43025,1.02E-01
0.4305,1.21E-01
0.43075,1.42E-01
0.431,1.63E-01
0.43125,1.85E-01
0.4315,2.07E-01
0.43175,2.29E-01
0.432,2.51E-01
0.43225,2.73E-01
0.4325,2.94E-01
0.43275,3.14E-01
0.433,3.32E-01
0.43325,3.48E-01
0.4335,3.63E-01
0.43375,3.75E-01
0.434,3.85E-01
0.43425,3.91E-01
0.4345,3.95E-01
0.43475,3.96E-01
0.435,3.94E-01
0.43525,3.89E-01
0.4355,3.81E-01
0.43575,3.70E-01
0.436,3.56E-01
0.43625,3.41E-01
0.4365,3.23E-01
0.43675,3.03E-01
0.437,2.81E-01
0.43725,2.59E-01
0.4375,2.36E-01
0.43775,2.12E-01
0.438,1.88E-01
0.43825,1.64E-01
0.4385,1.41E-01
0.43875,1.18E-01
0.439,9.53E-02
0.43925,7.41E-02
0.4395,5.39E-02
0.43975,3.50E-02
0.44,1.74E-02
0.44025,1.43E-03
0.4405,-1.31E-02
0.44075,-2.63E-02
0.441,-3.82E-02
0.44125,-4.88E-02
0.4415,-5.83E-02
0.44175,-6.66E-02
0.442,-7.39E-02
0.44225,-8.02E-02
0.4425,-8.56E-02
0.44275,-9.02E-02
0.443,-9.40E-02
0.44325,-9.71E-02
0.4435,-9.96E-02
0.44375,-1.02E-01
0.444,-1.03E-01
0.44425,-1.04E-01
0.4445,-1.05E-01
0.44475,-1.05E-01
0.445,-1.06E-01
0.44525,-1.06E-01
0.4455,-1.06E-01
0.44575,-1.06E-01
0.446,-1.06E-01
0.44625,-1.06E-01
0.4465,-1.05E-01
0.44675,-1.04E-01
0.447,-1.02E-01
0.44725,-9.92E-02
0.4475,-9.58E-02
0.44775,-9.15E-02
0.448,-8.61E-02
0.44825,-7.95E-02
0.4485,-7.15E-02
0.44875,-6.21E-02
0.449,-5.10E-02
0.44925,-3.81E-02
0.4495,-2.33E-02
0.44975,-6.24E-03
0.45,1.30E-02
0.45025,3.41E-02
0.4505,5.64E-02
0.45075,7.93E-02
0.451,1.02E-01
0.45125,1.24E-01
0.4515,1.45E-01
0.45175,1.63E-01
0.452,1.79E-01
0.45225,1.91E-01
0.4525,1.98E-01
0.45275,2.01E-01
0.453,1.99E-01
0.45325,1.92E-01
0.4535,1.81E-01
0.45375,1.66E-01
0.454,1.48E-01
0.45425,1.28E-01
0.4545,1.05E-01
0.45475,8.18E-02
0.455,5.80E-02
0.45525,3.50E-02
0.4555,1.29E-02
0.45575,-7.56E-03
0.456,-2.59E-02
0.45625,-4.17E-02
0.4565,-5.53E-02
0.45675,-6.72E-02
0.457,-7.84E-02
0.45725,-9.04E-02
0.4575,-1.05E-01
0.45775,-1.25E-01
0.458,-1.51E-01
0.45825,-1.85E-01
0.4585,-2.22E-01
0.45875,-2.56E-01
0.459,-2.77E-01
0.45925,-2.71E-01
0.4595,-2.25E-01
0.45975,-1.29E-01
0.46,2.89E-02
0.46025,2.42E-01
0.4605,4.93E-01
0.46075,7.48E-01
0.461,9.60E-01
0.46125,1.08E+00
0.4615,1.08E+00
0.46175,9.57E-01
0.462,7.35E-01
0.46225,4.62E-01
0.4625,1.92E-01
0.46275,-4.36E-02
0.463,-2.23E-01
0.46325,-3.37E-01
0.4635,-3.88E-01
0.46375,-3.88E-01
0.464,-3.51E-01
0.46425,-2.97E-01
0.4645,-2.39E-01
0.46475,-1.88E-01
0.465,-1.50E-01
0.46525,-1.23E-01
0.4655,-1.05E-01
0.46575,-9.26E-02
0.466,-8.38E-02
0.46625,-7.69E-02
0.4665,-7.04E-02
0.46675,-6.33E-02
0.467,-5.48E-02
0.46725,-4.46E-02
0.4675,-3.28E-02
0.46775,-1.98E-02
0.468,-5.93E-03
0.46825,9.19E-03
0.4685,2.56E-02
0.46875,4.32E-02
0.469,6.20E-02
0.46925,8.19E-02
0.4695,1.03E-01
0.46975,1.24E-01
0.47,1.47E-01
0.47025,1.69E-01
0.4705,1.92E-01
0.47075,2.14E-01
0.471,2.36E-01
0.47125,2.58E-01
0.4715,2.78E-01
0.47175,2.97E-01
0.472,3.14E-01
0.47225,3.29E-01
0.4725,3.41E-01
0.47275,3.51E-01
0.473,3.58E-01
0.47325,3.62E-01
0.4735,3.64E-01
0.47375,3.62E-01
0.474,3.57E-01
0.47425,3.50E-01
0.4745,3.39E-01
0.47475,3.26E-01
0.475,3.10E-01
0.47525,2.92E-01
0.4755,2.73E-01
0.47575,2.52E-01
0.476,2.30E-01
0.47625,2.07E-01
0.4765,1.83E-01
0.47675,1.60E-01
0.477,1.36E-01
0.47725,1.12E-01
0.4775,8.91E-02
0.47775,6.68E-02
0.478,4.54E-02
0.47825,2.52E-02
0.4785,6.37E-03
0.47875,-1.10E-02
0.479,-2.70E-02
0.47925,-4.16E-02
0.4795,-5.48E-02
0.47975,-6.66E-02
0.48,-7.72E-02
0.48025,-8.66E-02
0.4805,-9.47E-02
0.48075,-1.02E-01
0.481,-1.08E-01
0.48125,-1.13E-01
0.4815,-1.17E-01
0.48175,-1.20E-01
0.482,-1.23E-01
0.48225,-1.25E-01
0.4825,-1.26E-01
0.48275,-1.27E-01
0.483,-1.28E-01
0.48325,-1.29E-01
0.4835,-1.29E-01
0.48375,-1.29E-01
0.484,-1.28E-01
0.48425,-1.28E-01
0.4845,-1.27E-01
0.48475,-1.27E-01
0.485,-1.26E-01
0.48525,-1.25E-01
0.4855,-1.23E-01
0.48575,-1.22E-01
0.486,-1.19E-01
0.48625,-1.16E-01
0.4865,-1.12E-01
0.48675,-1.08E-01
0.487,-1.01E-01
0.48725,-9.40E-02
0.4875,-8.49E-02
0.48775,-7.40E-02
0.488,-6.11E-02
0.48825,-4.61E-02
0.4885,-2.89E-02
0.48875,-9.87E-03
0.489,1.09E-02
0.48925,3.30E-02
0.4895,5.60E-02
0.48975,7.91E-02
0.49,1.02E-01
0.49025,1.23E-01
0.4905,1.42E-01
0.49075,1.58E-01
0.491,1.71E-01
0.49125,1.79E-01
0.4915,1.82E-01
0.49175,1.81E-01
0.492,1.75E-01
0.49225,1.64E-01
0.4925,1.49E-01
0.49275,1.31E-01
0.493,1.11E-01
0.49325,8.85E-02
0.4935,6.54E-02
0.49375,4.21E-02
0.494,1.94E-02
0.49425,-2.22E-03
0.4945,-2.23E-02
0.49475,-4.04E-02
0.495,-5.62E-02
0.49525,-7.00E-02
0.4955,-8.24E-02
0.49575,-9.42E-02
0.496,-1.07E-01
0.49625,-1.21E-01
0.4965,-1.40E-01
0.49675,-1.64E-01
0.497,-1.98E-01
0.49725,-2.42E-01
0.4975,-2.81E-01
0.49775,-3.01E-01
0.498,-2.89E-01
0.49825,-2.37E-01
0.4985,-1.38E-01
0.49875,1.17E-02
0.499,2.14E-01
0.49925,4.64E-01
0.4995,7.21E-01
0.49975,9.33E-01
0.5,1.06E+00
0.50025,1.07E+00
0.5005,9.49E-01
0.50075,7.32E-01
0.501,4.66E-01
0.50125,1.95E-01
0.5015,-4.16E-02
0.50175,-2.19E-01
0.502,-3.32E-01
0.50225,-3.84E-01
0.5025,-3.85E-01
0.50275,-3.47E-01
0.503,-2.91E-01
0.50325,-2.34E-01
0.5035,-1.83E-01
0.50375,-1.43E-01
0.504,-1.16E-01
0.50425,-9.87E-02
0.5045,-8.79E-02
0.50475,-7.90E-02
0.505,-7.11E-02
0.50525,-6.32E-02
0.5055,-5.47E-02
0.50575,-4.51E-02
0.506,-3.43E-02
0.50625,-2.22E-02
0.5065,-8.98E-03
0.50675,5.54E-03
0.507,2.14E-02
0.50725,3.85E-02
0.5075,5.68E-02
0.50775,7.64E-02
0.508,9.70E-02
0.50825,1.19E-01
0.5085,1.41E-01
0.50875,1.64E-01
0.509,1.87E-01
0.50925,2.10E-01
0.5095,2.33E-01
0.50975,2.55E-01
0.51,2.77E-01
0.51025,2.97E-01
0.5105,3.16E-01
0.51075,3.32E-01
0.511,3.47E-01
0.51125,3.58E-01
0.5115,3.68E-01
0.51175,3.74E-01
0.512,3.78E-01
0.51225,3.78E-01
0.5125,3.76E-01
0.51275,3.70E-01
0.513,3.62E-01
0.51325,3.50E-01
0.5135,3.36E-01
0.51375,3.20E-01
0.514,3.02E-01
0.51425,2.82E-01
0.5145,2.61E-01
0.51475,2.39E-01
0.515,2.16E-01
0.51525,1.93E-01
0.5155,1.69E-01
0.51575,1.46E-01
0.516,1.23E-01
0.51625,1.01E-01
0.5165,7.94E-02
0.51675,5.90E-02
0.517,4.00E-02
0.51725,2.24E-02
0.5175,6.26E-03
0.51775,-8.43E-03
0.518,-2.17E-02
0.51825,-3.37E-02
0.5185,-4.43E-02
0.51875,-5.37E-02
0.519,-6.19E-02
0.51925,-6.89E-02
0.5195,-7.49E-02
0.51975,-7.99E-02
0.52,-8.40E-02
0.52025,-8.72E-02
0.5205,-8.97E-02
0.52075,-9.16E-02
0.521,-9.28E-02
0.52125,-9.37E-02
0.5215,-9.42E-02
0.52175,-9.45E-02
0.522,-9.44E-02
0.52225,-9.41E-02
0.5225,-9.36E-02
0.52275,-9.29E-02
0.523,-9.21E-02
0.52325,-9.11E-02
0.5235,-9.00E-02
0.52375,-8.86E-02
0.524,-8.69E-02
0.52425,-8.48E-02
0.5245,-8.22E-02
0.52475,-7.90E-02
0.525,-7.49E-02
0.52525,-6.98E-02
0.5255,-6.35E-02
0.52575,-5.57E-02
0.526,-4.63E-02
0.52625,-3.50E-02
0.5265,-2.17E-02
0.52675,-6.31E-03
0.527,1.12E-02
0.52725,3.06E-02
0.5275,5.18E-02
0.52775,7.42E-02
0.528,9.75E-02
0.52825,1.21E-01
0.5285,1.44E-01
0.52875,1.66E-01
0.529,1.85E-01
0.52925,2.01E-01
0.5295,2.13E-01
0.52975,2.21E-01
0.53,2.24E-01
0.53025,2.23E-01
0.5305,2.16E-01
0.53075,2.06E-01
0.531,1.91E-01
0.53125,1.73E-01
0.5315,1.53E-01
0.53175,1.31E-01
0.532,1.08E-01
0.53225,8.51E-02
0.5325,6.32E-02
0.53275,4.26E-02
0.533,2.37E-02
0.53325,6.68E-03
0.5335,-8.23E-03
0.53375,-2.04E-02
0.534,-2.98E-02
0.53425,-3.99E-02
0.5345,-5.32E-02
0.53475,-7.13E-02
0.535,-9.49E-02
0.53525,-1.24E-01
0.5355,-1.57E-01
0.53575,-1.93E-01
0.536,-2.29E-01
0.53625,-2.46E-01
0.5365,-2.25E-01
0.53675,-1.54E-01
0.537,-2.70E-02
0.53725,1.54E-01
0.5375,3.80E-01
0.53775,6.34E-01
0.538,8.80E-01
0.53825,1.06E+00
0.5385,1.13E+00
0.53875,1.07E+00
0.539,8.90E-01
0.53925,6.36E-01
0.5395,3.60E-01
0.53975,1.05E-01
0.54,-9.93E-02
0.54025,-2.39E-01
0.5405,-3.08E-01
0.54075,-3.21E-01
0.541,-2.97E-01
0.54125,-2.52E-01
0.5415,-1.99E-01
0.54175,-1.48E-01
0.542,-1.06E-01
0.54225,-7.48E-02
0.5425,-5.54E-02
0.54275,-4.25E-02
0.543,-3.34E-02
0.54325,-2.60E-02
0.5435,-1.89E-02
0.54375,-1.08E-02
0.544,-1.34E-03
0.54425,9.61E-03
0.5445,2.16E-02
0.54475,3.48E-02
0.545,4.93E-02
0.54525,6.52E-02
0.5455,8.24E-02
0.54575,1.01E-01
0.546,1.21E-01
0.54625,1.42E-01
0.5465,1.63E-01
0.54675,1.86E-01
0.547,2.09E-01
0.54725,2.33E-01
0.5475,2.57E-01
0.54775,2.80E-01
0.548,3.03E-01
0.54825,3.25E-01
0.5485,3.45E-01
0.54875,3.64E-01
0.549,3.81E-01
0.54925,3.96E-01
0.5495,4.09E-01
0.54975,4.18E-01
0.55,4.25E-01
0.55025,4.29E-01
0.5505,4.30E-01
0.55075,4.27E-01
0.551,4.20E-01
0.55125,4.11E-01
0.5515,3.99E-01
0.55175,3.85E-01
0.552,3.69E-01
0.55225,3.51E-01
0.5525,3.31E-01
0.55275,3.11E-01
0.553,2.89E-01
0.55325,2.67E-01
0.5535,2.45E-01
0.55375,2.22E-01
0.554,2.00E-01
0.55425,1.78E-01
0.5545,1.56E-01
0.55475,1.35E-01
0.555,1.15E-01
0.55525,9.70E-02
0.5555,7.99E-02
0.55575,6.43E-02
0.556,5.04E-02
0.55625,3.79E-02
0.5565,2.68E-02
0.55675,1.70E-02
0.557,8.47E-03
0.55725,1.08E-03
0.5575,-5.24E-03
0.55775,-1.06E-02
0.558,-1.50E-02
0.55825,-1.86E-02
0.5585,-2.14E-02
0.55875,-2.36E-02
0.559,-2.52E-02
0.55925,-2.62E-02
0.5595,-2.69E-02
0.55975,-2.71E-02
0.56,-2.71E-02
0.56025,-2.68E-02
0.5605,-2.64E-02
0.56075,-2.60E-02
0.561,-2.54E-02
0.56125,-2.47E-02
0.5615,-2.38E-02
0.56175,-2.26E-02
0.562,-2.11E-02
0.56225,-1.91E-02
0.5625,-1.65E-02
0.56275,-1.33E-02
0.563,-9.23E-03
0.56325,-4.21E-03
0.5635,1.94E-03
0.56375,9.38E-03
0.564,1.83E-02
0.56425,2.89E-02
0.5645,4.13E-02
0.56475,5.59E-02
0.565,7.27E-02
0.56525,9.17E-02
0.5655,1.12E-01
0.56575,1.35E-01
0.566,1.57E-01
0.56625,1.80E-01
0.5665,2.03E-01
0.56675,2.24E-01
0.567,2.43E-01
0.56725,2.59E-01
0.5675,2.71E-01
0.56775,2.79E-01
0.568,2.82E-01
0.56825,2.80E-01
0.5685,2.73E-01
0.56875,2.62E-01
0.569,2.47E-01
0.56925,2.29E-01
0.5695,2.08E-01
0.56975,1.86E-01
0.57,1.62E-01
0.57025,1.39E-01
0.5705,1.17E-01
0.57075,9.71E-02
0.571,7.87E-02
0.57125,6.24E-02
0.5715,4.81E-02
0.57175,3.56E-02
0.572,2.43E-02
0.57225,1.36E-02
0.5725,2.25E-03
0.57275,-1.36E-02
0.573,-3.67E-02
0.57325,-6.72E-02
0.5735,-1.03E-01
0.57375,-1.39E-01
0.574,-1.67E-01
0.57425,-1.71E-01
0.5745,-1.36E-01
0.57475,-5.18E-02
0.575,8.80E-02
0.57525,2.88E-01
0.5755,5.43E-01
0.57575,8.01E-01
0.576,1.01E+00
0.57625,1.14E+00
0.5765,1.16E+00
0.57675,1.05E+00
0.577,8.37E-01
0.57725,5.68E-01
0.5775,2.97E-01
0.57775,6.10E-02
0.578,-1.16E-01
0.57825,-2.27E-01
0.5785,-2.74E-01
0.57875,-2.67E-01
0.579,-2.27E-01
0.57925,-1.72E-01
0.5795,-1.16E-01
0.57975,-6.74E-02
0.58,-3.11E-02
0.58025,-7.20E-03
0.5805,8.43E-03
0.58075,1.97E-02
0.581,2.84E-02
0.58125,3.59E-02
0.5815,4.34E-02
0.58175,5.17E-02
0.582,6.13E-02
0.58225,7.24E-02
0.5825,8.48E-02
0.58275,9.82E-02
0.583,1.13E-01
0.58325,1.29E-01
0.5835,1.46E-01
0.58375,1.65E-01
0.584,1.85E-01
0.58425,2.06E-01
0.5845,2.28E-01
0.58475,2.50E-01
0.585,2.73E-01
0.58525,2.96E-01
0.5855,3.19E-01
0.58575,3.42E-01
0.586,3.64E-01
0.58625,3.85E-01
0.5865,4.05E-01
0.58675,4.23E-01
0.587,4.38E-01
0.58725,4.52E-01
0.5875,4.62E-01
0.58775,4.70E-01
0.588,4.76E-01
0.58825,4.78E-01
0.5885,4.77E-01
0.58875,4.73E-01
0.589,4.66E-01
0.58925,4.56E-01
0.5895,4.43E-01
0.58975,4.27E-01
0.59,4.10E-01
0.59025,3.91E-01
0.5905,3.71E-01
0.59075,3.49E-01
0.591,3.27E-01
0.59125,3.04E-01
0.5915,2.82E-01
0.59175,2.59E-01
0.592,2.36E-01
0.59225,2.14E-01
0.5925,1.93E-01
0.59275,1.72E-01
0.593,1.53E-01
0.59325,1.35E-01
0.5935,1.19E-01
0.59375,1.04E-01
0.594,9.04E-02
0.59425,7.84E-02
0.5945,6.76E-02
0.59475,5.81E-02
0.595,4.98E-02
0.59525,4.26E-02
0.5955,3.64E-02
0.59575,3.12E-02
0.596,2.69E-02
0.59625,2.34E-02
0.5965,2.07E-02
0.59675,1.85E-02
0.597,1.70E-02
0.59725,1.58E-02
0.5975,1.51E-02
0.59775,1.46E-02
0.598,1.44E-02
0.59825,1.44E-02
0.5985,1.47E-02
0.59875,1.51E-02
0.599,1.56E-02
0.59925,1.64E-02
0.5995,1.73E-02
0.59975,1.84E-02
0.6,1.99E-02
0.60025,2.19E-02
0.6005,2.44E-02
0.60075,2.75E-02
0.601,3.16E-02
0.60125,3.67E-02
0.6015,4.32E-02
0.60175,5.11E-02
0.602,6.09E-02
0.60225,7.25E-02
0.6025,8.61E-02
0.60275,1.02E-01
0.603,1.20E-01
0.60325,1.40E-01
0.6035,1.61E-01
0.60375,1.84E-01
0.604,2.07E-01
0.60425,2.30E-01
0.6045,2.52E-01
0.60475,2.73E-01
0.605,2.90E-01
0.60525,3.04E-01
0.6055,3.14E-01
0.60575,3.19E-01
0.606,3.19E-01
0.60625,3.15E-01
0.6065,3.06E-01
0.60675,2.92E-01
0.607,2.75E-01
0.60725,2.55E-01
0.6075,2.33E-01
0.60775,2.10E-01
0.608,1.86E-01
0.60825,1.63E-01
0.6085,1.41E-01
0.60875,1.21E-01
0.609,1.03E-01
0.60925,8.76E-02
0.6095,7.37E-02
0.60975,6.14E-02
0.61,4.97E-02
0.61025,3.80E-02
0.6105,2.41E-02
0.61075,4.22E-03
0.611,-2.33E-02
0.61125,-5.75E-02
0.6115,-9.50E-02
0.61175,-1.29E-01
0.612,-1.46E-01
0.61225,-1.31E-01
0.6125,-7.26E-02
0.61275,3.94E-02
0.613,2.13E-01
0.61325,4.45E-01
0.6135,6.98E-01
0.61375,9.33E-01
0.614,1.11E+00
0.61425,1.19E+00
0.6145,1.14E+00
0.61475,9.64E-01
0.615,7.17E-01
0.61525,4.46E-01
0.6155,1.91E-01
0.61575,-1.99E-02
0.616,-1.67E-01
0.61625,-2.48E-01
0.6165,-2.72E-01
0.61675,-2.54E-01
0.617,-2.07E-01
0.61725,-1.47E-01
0.6175,-9.13E-02
0.61775,-4.73E-02
0.618,-1.50E-02
0.61825,6.90E-03
0.6185,2.08E-02
0.61875,3.00E-02
0.619,3.80E-02
0.61925,4.57E-02
0.6195,5.37E-02
0.61975,6.24E-02
0.62,7.23E-02
0.62025,8.33E-02
0.6205,9.56E-02
0.62075,1.09E-01
0.621,1.24E-01
0.62125,1.40E-01
0.6215,1.57E-01
0.62175,1.76E-01
0.622,1.95E-01
0.62225,2.16E-01
0.6225,2.37E-01
0.62275,2.59E-01
0.623,2.81E-01
0.62325,3.04E-01
0.6235,3.27E-01
0.62375,3.49E-01
0.624,3.70E-01
0.62425,3.91E-01
0.6245,4.10E-01
0.62475,4.27E-01
0.625,4.42E-01
0.62525,4.54E-01
0.6255,4.64E-01
0.62575,4.72E-01
0.626,4.76E-01
0.62625,4.78E-01
0.6265,4.77E-01
0.62675,4.72E-01
0.627,4.65E-01
0.62725,4.55E-01
0.6275,4.42E-01
0.62775,4.27E-01
0.628,4.09E-01
0.62825,3.90E-01
0.6285,3.70E-01
0.62875,3.48E-01
0.629,3.26E-01
0.62925,3.03E-01
0.6295,2.80E-01
0.62975,2.57E-01
0.63,2.34E-01
0.63025,2.12E-01
0.6305,1.90E-01
0.63075,1.70E-01
0.631,1.50E-01
0.63125,1.32E-01
0.6315,1.16E-01
0.63175,1.00E-01
0.632,8.64E-02
0.63225,7.39E-02
0.6325,6.27E-02
0.63275,5.27E-02
0.633,4.38E-02
0.63325,3.61E-02
0.6335,2.93E-02
0.63375,2.35E-02
0.634,1.85E-02
0.63425,1.44E-02
0.6345,1.09E-02
0.63475,8.10E-03
0.635,5.81E-03
0.63525,3.98E-03
0.6355,2.51E-03
0.63575,1.30E-03
0.636,3.69E-04
0.63625,-2.91E-04
0.6365,-7.45E-04
0.63675,-1.03E-03
0.637,-1.17E-03
0.63725,-1.15E-03
0.6375,-9.51E-04
0.63775,-5.15E-04
0.638,2.27E-04
0.63825,1.37E-03
0.6385,3.03E-03
0.63875,5.35E-03
0.639,8.49E-03
0.63925,1.26E-02
0.6395,1.80E-02
0.63975,2.48E-02
0.64,3.21E-02
